iteration,client_ns,server_ns,total_ns
0,0,27381,27381
1,0,8327,8327
2,0,10776,10776
3,0,5449,5449
4,0,17765,17765
5,0,15700,15700
6,0,3238,3238
7,0,14573,14573
8,0,3493,3493
9,0,15215,15215
10,0,3325,3325
11,0,3339,3339
12,0,3356,3356
13,0,3568,3568
14,0,13974,13974
15,0,3209,3209
16,0,3465,3465
17,0,3168,3168
18,0,3296,3296
19,0,3653,3653
20,0,3397,3397
21,0,3630,3630
22,0,14682,14682
23,0,10587,10587
24,0,14106,14106
25,0,3249,3249
26,0,3369,3369
27,0,3314,3314
28,0,3092,3092
29,0,3074,3074
30,0,3384,3384
31,0,3630,3630
32,0,3049,3049
33,0,3305,3305
34,0,3148,3148
35,0,3217,3217
36,0,3099,3099
37,0,3334,3334
38,0,3189,3189
39,0,3215,3215
40,0,3127,3127
41,0,3698,3698
42,0,3357,3357
43,0,3101,3101
44,0,4133,4133
45,0,3307,3307
46,0,3098,3098
47,0,3103,3103
48,0,3046,3046
49,0,3067,3067
50,0,6547,6547
51,0,4475,4475
52,0,3480,3480
53,0,3273,3273
54,0,3604,3604
55,0,3317,3317
56,0,16011,16011
57,0,3959,3959
58,0,3659,3659
59,0,3596,3596
60,0,3107,3107
61,0,3516,3516
62,0,4446,4446
63,0,3464,3464
64,0,3498,3498
65,0,3334,3334
66,0,3299,3299
67,0,3473,3473
68,0,3399,3399
69,0,3369,3369
70,0,9096,9096
71,0,3486,3486
72,0,3243,3243
73,0,3274,3274
74,0,5859,5859
75,0,4095,4095
76,0,3565,3565
77,0,3584,3584
78,0,3502,3502
79,0,3359,3359
80,0,3374,3374
81,0,3373,3373
82,0,3498,3498
83,0,14701,14701
84,0,14115,14115
85,0,3443,3443
86,0,11443,11443
87,0,3282,3282
88,0,6986,6986
89,0,3958,3958
90,0,3583,3583
91,0,3308,3308
92,0,3404,3404
93,0,3473,3473
94,0,6681,6681
95,0,13581,13581
96,0,3561,3561
97,0,3625,3625
98,0,3231,3231
99,0,13095,13095
100,0,4064,4064
101,0,7271,7271
102,0,3558,3558
103,0,15177,15177
104,0,14174,14174
105,0,3374,3374
106,0,3581,3581
107,0,3659,3659
108,0,3459,3459
109,0,3442,3442
110,0,3328,3328
111,0,113931,113931
112,0,77442,77442
113,0,5319,5319
114,0,12838,12838
115,0,4922,4922
116,0,1533,1533
117,0,12904,12904
118,0,2018,2018
119,0,1542,1542
120,0,1486,1486
121,0,1331,1331
122,0,5286,5286
123,0,8103,8103
124,0,7910,7910
125,0,1306,1306
126,0,2958,2958
127,0,7768,7768
128,0,7573,7573
129,0,7784,7784
130,0,1396,1396
131,0,17419,17419
132,0,1383,1383
133,0,7894,7894
134,0,8027,8027
135,0,6842,6842
136,0,4779,4779
137,0,2942,2942
138,0,2056,2056
139,0,8595,8595
140,0,8098,8098
141,0,9012,9012
142,0,7619,7619
143,0,8266,8266
144,0,7362,7362
145,0,7402,7402
146,0,7473,7473
147,0,6669,6669
148,0,4762,4762
149,0,4322,4322
150,0,3739,3739
151,0,4967,4967
152,0,3502,3502
153,0,4537,4537
154,0,12385,12385
155,0,9856,9856
156,0,3540,3540
157,0,3675,3675
158,0,5790,5790
159,0,4696,4696
160,0,4054,4054
161,0,3837,3837
162,0,3745,3745
163,0,3529,3529
164,0,3467,3467
165,0,3754,3754
166,0,4443,4443
167,0,15675,15675
168,0,3379,3379
169,0,3491,3491
170,0,3343,3343
171,0,3454,3454
172,0,3426,3426
173,0,3880,3880
174,0,3622,3622
175,0,3000,3000
176,0,17851,17851
177,0,3157,3157
178,0,4084,4084
179,0,4365,4365
180,0,3416,3416
181,0,14024,14024
182,0,3476,3476
183,0,3364,3364
184,0,3337,3337
185,0,3534,3534
186,0,3436,3436
187,0,3512,3512
188,0,3388,3388
189,0,3446,3446
190,0,14067,14067
191,0,3026,3026
192,0,3946,3946
193,0,13756,13756
194,0,3204,3204
195,0,3537,3537
196,0,3187,3187
197,0,3956,3956
198,0,16754,16754
199,0,4519,4519
200,0,3396,3396
201,0,3365,3365
202,0,3333,3333
203,0,3369,3369
204,0,4050,4050
205,0,3388,3388
206,0,15095,15095
207,0,3418,3418
208,0,3418,3418
209,0,14903,14903
210,0,4210,4210
211,0,3368,3368
212,0,13792,13792
213,0,3296,3296
214,0,3353,3353
215,0,3240,3240
216,0,3465,3465
217,0,4137,4137
218,0,3360,3360
219,0,3312,3312
220,0,11299,11299
221,0,3531,3531
222,0,14236,14236
223,0,3358,3358
224,0,9454,9454
225,0,3426,3426
226,0,3277,3277
227,0,3518,3518
228,0,3298,3298
229,0,4104,4104
230,0,3612,3612
231,0,13921,13921
232,0,3403,3403
233,0,3091,3091
234,0,3603,3603
235,0,14248,14248
236,0,25646,25646
237,0,3143,3143
238,0,3113,3113
239,0,8803,8803
240,0,3093,3093
241,0,5762,5762
242,0,5334,5334
243,0,5714,5714
244,0,4760,4760
245,0,4755,4755
246,0,2025,2025
247,0,5809,5809
248,0,3717,3717
249,0,3546,3546
250,0,3490,3490
251,0,3515,3515
252,0,4786,4786
253,0,3707,3707
254,0,3596,3596
255,0,3714,3714
256,0,4701,4701
257,0,3790,3790
258,0,3517,3517
259,0,15145,15145
260,0,3450,3450
261,0,9368,9368
262,0,3245,3245
263,0,3282,3282
264,0,3331,3331
265,0,3257,3257
266,0,3490,3490
267,0,3358,3358
268,0,4667,4667
269,0,6588,6588
270,0,14119,14119
271,0,1910,1910
272,0,3648,3648
273,0,1965,1965
274,0,7805,7805
275,0,8280,8280
276,0,4084,4084
277,0,5638,5638
278,0,8312,8312
279,0,6403,6403
280,0,4769,4769
281,0,3736,3736
282,0,3923,3923
283,0,3298,3298
284,0,3628,3628
285,0,3647,3647
286,0,5740,5740
287,0,7675,7675
288,0,5565,5565
289,0,5828,5828
290,0,10829,10829
291,0,5106,5106
292,0,2084,2084
293,0,5472,5472
294,0,2145,2145
295,0,8547,8547
296,0,1553,1553
297,0,1433,1433
298,0,7399,7399
299,0,1408,1408
300,0,8004,8004
301,0,7322,7322
302,0,18008,18008
303,0,8250,8250
304,0,7782,7782
305,0,7295,7295
306,0,7341,7341
307,0,7918,7918
308,0,7275,7275
309,0,1430,1430
310,0,1309,1309
311,0,8187,8187
312,0,7834,7834
313,0,21437,21437
314,0,1908,1908
315,0,1544,1544
316,0,1491,1491
317,0,7047,7047
318,0,7452,7452
319,0,5533,5533
320,0,3952,3952
321,0,3848,3848
322,0,8796,8796
323,0,1569,1569
324,0,7174,7174
325,0,1481,1481
326,0,8281,8281
327,0,8098,8098
328,0,7700,7700
329,0,7604,7604
330,0,8278,8278
331,0,12939,12939
332,0,8143,8143
333,0,7719,7719
334,0,15482,15482
335,0,12300,12300
336,0,3796,3796
337,0,8735,8735
338,0,3960,3960
339,0,3620,3620
340,0,3425,3425
341,0,1590,1590
342,0,8129,8129
343,0,9363,9363
344,0,7444,7444
345,0,9192,9192
346,0,1598,1598
347,0,8482,8482
348,0,9432,9432
349,0,7064,7064
350,0,7042,7042
351,0,7529,7529
352,0,8982,8982
353,0,5898,5898
354,0,4105,4105
355,0,4133,4133
356,0,4687,4687
357,0,11918,11918
358,0,3672,3672
359,0,4045,4045
360,0,3631,3631
361,0,23031,23031
362,0,3665,3665
363,0,4017,4017
364,0,3634,3634
365,0,3400,3400
366,0,4004,4004
367,0,11479,11479
368,0,3374,3374
369,0,24056,24056
370,0,3299,3299
371,0,3883,3883
372,0,3573,3573
373,0,3610,3610
374,0,3489,3489
375,0,3436,3436
376,0,3787,3787
377,0,3823,3823
378,0,3790,3790
379,0,3672,3672
380,0,10678,10678
381,0,3628,3628
382,0,3437,3437
383,0,3569,3569
384,0,3626,3626
385,0,3917,3917
386,0,15591,15591
387,0,3676,3676
388,0,3679,3679
389,0,3376,3376
390,0,3705,3705
391,0,11504,11504
392,0,4109,4109
393,0,3874,3874
394,0,3526,3526
395,0,3706,3706
396,0,3429,3429
397,0,3312,3312
398,0,3472,3472
399,0,7974,7974
400,0,3163,3163
401,0,6190,6190
402,0,3319,3319
403,0,14408,14408
404,0,3609,3609
405,0,3380,3380
406,0,3231,3231
407,0,7854,7854
408,0,7427,7427
409,0,6337,6337
410,0,3347,3347
411,0,14423,14423
412,0,8436,8436
413,0,7366,7366
414,0,3505,3505
415,0,3313,3313
416,0,3662,3662
417,0,3633,3633
418,0,14217,14217
419,0,3471,3471
420,0,3525,3525
421,0,3211,3211
422,0,3316,3316
423,0,3274,3274
424,0,3268,3268
425,0,3574,3574
426,0,3653,3653
427,0,3261,3261
428,0,4786,4786
429,0,5232,5232
430,0,3620,3620
431,0,3408,3408
432,0,3708,3708
433,0,3833,3833
434,0,3735,3735
435,0,9308,9308
436,0,3774,3774
437,0,14736,14736
438,0,9097,9097
439,0,1561,1561
440,0,8584,8584
441,0,1246,1246
442,0,6618,6618
443,0,7109,7109
444,0,7665,7665
445,0,7780,7780
446,0,1434,1434
447,0,7661,7661
448,0,7236,7236
449,0,7969,7969
450,0,1204,1204
451,0,1338,1338
452,0,20601,20601
453,0,8073,8073
454,0,1354,1354
455,0,7340,7340
456,0,6999,6999
457,0,13952,13952
458,0,7289,7289
459,0,1392,1392
460,0,1226,1226
461,0,7014,7014
462,0,7910,7910
463,0,8471,8471
464,0,1376,1376
465,0,8336,8336
466,0,7978,7978
467,0,8149,8149
468,0,7165,7165
469,0,7961,7961
470,0,8216,8216
471,0,7971,7971
472,0,7831,7831
473,0,7102,7102
474,0,1304,1304
475,0,7081,7081
476,0,8700,8700
477,0,1237,1237
478,0,7258,7258
479,0,6757,6757
480,0,1435,1435
481,0,11150,11150
482,0,1330,1330
483,0,7747,7747
484,0,1242,1242
485,0,7931,7931
486,0,6974,6974
487,0,6873,6873
488,0,7173,7173
489,0,2071,2071
490,0,1222,1222
491,0,1484,1484
492,0,7925,7925
493,0,1491,1491
494,0,6034,6034
495,0,1339,1339
496,0,6910,6910
497,0,7446,7446
498,0,1255,1255
499,0,2565,2565
500,0,8569,8569
501,0,8343,8343
502,0,1428,1428
503,0,17062,17062
504,0,1956,1956
505,0,8410,8410
506,0,1195,1195
507,0,12086,12086
508,0,7700,7700
509,0,2811,2811
510,0,5672,5672
511,0,4873,4873
512,0,4725,4725
513,0,10210,10210
514,0,4641,4641
515,0,2104,2104
516,0,8030,8030
517,0,8361,8361
518,0,7097,7097
519,0,1248,1248
520,0,1385,1385
521,0,1293,1293
522,0,1249,1249
523,0,13011,13011
524,0,7847,7847
525,0,8144,8144
526,0,7601,7601
527,0,1342,1342
528,0,1217,1217
529,0,1361,1361
530,0,1634,1634
531,0,8499,8499
532,0,7738,7738
533,0,7918,7918
534,0,7378,7378
535,0,7914,7914
536,0,7776,7776
537,0,7889,7889
538,0,8010,8010
539,0,1394,1394
540,0,7594,7594
541,0,8022,8022
542,0,8351,8351
543,0,8067,8067
544,0,7661,7661
545,0,7969,7969
546,0,1358,1358
547,0,7669,7669
548,0,7021,7021
549,0,7859,7859
550,0,15838,15838
551,0,8116,8116
552,0,7380,7380
553,0,7851,7851
554,0,1976,1976
555,0,8953,8953
556,0,7015,7015
557,0,7821,7821
558,0,7925,7925
559,0,1363,1363
560,0,7513,7513
561,0,1708,1708
562,0,7367,7367
563,0,7944,7944
564,0,8014,8014
565,0,21698,21698
566,0,7540,7540
567,0,7200,7200
568,0,1391,1391
569,0,7827,7827
570,0,1390,1390
571,0,7416,7416
572,0,1611,1611
573,0,24129,24129
574,0,5014,5014
575,0,1466,1466
576,0,7705,7705
577,0,8407,8407
578,0,7877,7877
579,0,7035,7035
580,0,7557,7557
581,0,1412,1412
582,0,7594,7594
583,0,6780,6780
584,0,6999,6999
585,0,8685,8685
586,0,7006,7006
587,0,1441,1441
588,0,7735,7735
589,0,10844,10844
590,0,7163,7163
591,0,6747,6747
592,0,6876,6876
593,0,6995,6995
594,0,7643,7643
595,0,1392,1392
596,0,7577,7577
597,0,7007,7007
598,0,7862,7862
599,0,1240,1240
600,0,8096,8096
601,0,3370,3370
602,0,6962,6962
603,0,7674,7674
604,0,1384,1384
605,0,7878,7878
606,0,1330,1330
607,0,7612,7612
608,0,6984,6984
609,0,7599,7599
610,0,7010,7010
611,0,9118,9118
612,0,7880,7880
613,0,7438,7438
614,0,7005,7005
615,0,1294,1294
616,0,5176,5176
617,0,7660,7660
618,0,8030,8030
619,0,6140,6140
620,0,5426,5426
621,0,1586,1586
622,0,7288,7288
623,0,7507,7507
624,0,7092,7092
625,0,1386,1386
626,0,1603,1603
627,0,8436,8436
628,0,6632,6632
629,0,6678,6678
630,0,6922,6922
631,0,6886,6886
632,0,8110,8110
633,0,6934,6934
634,0,7040,7040
635,0,15952,15952
636,0,7333,7333
637,0,7102,7102
638,0,1216,1216
639,0,6749,6749
640,0,6883,6883
641,0,1331,1331
642,0,6946,6946
643,0,1663,1663
644,0,7608,7608
645,0,7983,7983
646,0,9789,9789
647,0,1357,1357
648,0,1501,1501
649,0,7644,7644
650,0,7579,7579
651,0,8551,8551
652,0,8771,8771
653,0,7698,7698
654,0,6744,6744
655,0,7499,7499
656,0,7716,7716
657,0,1493,1493
658,0,8736,8736
659,0,8397,8397
660,0,7551,7551
661,0,9997,9997
662,0,7800,7800
663,0,7989,7989
664,0,15314,15314
665,0,8429,8429
666,0,7537,7537
667,0,3473,3473
668,0,1448,1448
669,0,7614,7614
670,0,1624,1624
671,0,7651,7651
672,0,8048,8048
673,0,1407,1407
674,0,7492,7492
675,0,12206,12206
676,0,7643,7643
677,0,8239,8239
678,0,5124,5124
679,0,7892,7892
680,0,8049,8049
681,0,7896,7896
682,0,1398,1398
683,0,1276,1276
684,0,6819,6819
685,0,7680,7680
686,0,8396,8396
687,0,7642,7642
688,0,6480,6480
689,0,7852,7852
690,0,8530,8530
691,0,1698,1698
692,0,7716,7716
693,0,8050,8050
694,0,7957,7957
695,0,7813,7813
696,0,7492,7492
697,0,8546,8546
698,0,7593,7593
699,0,7572,7572
700,0,7391,7391
701,0,7877,7877
702,0,7884,7884
703,0,7656,7656
704,0,8439,8439
705,0,1398,1398
706,0,8120,8120
707,0,8361,8361
708,0,7646,7646
709,0,7411,7411
710,0,7262,7262
711,0,12491,12491
712,0,14606,14606
713,0,1480,1480
714,0,1591,1591
715,0,13895,13895
716,0,8798,8798
717,0,8407,8407
718,0,8018,8018
719,0,8107,8107
720,0,7024,7024
721,0,1417,1417
722,0,7106,7106
723,0,7263,7263
724,0,1306,1306
725,0,5128,5128
726,0,2088,2088
727,0,9189,9189
728,0,6149,6149
729,0,8578,8578
730,0,7946,7946
731,0,8833,8833
732,0,7939,7939
733,0,7890,7890
734,0,9903,9903
735,0,8317,8317
736,0,1452,1452
737,0,7883,7883
738,0,7238,7238
739,0,7518,7518
740,0,7583,7583
741,0,9019,9019
742,0,1381,1381
743,0,7968,7968
744,0,1564,1564
745,0,8711,8711
746,0,7992,7992
747,0,7531,7531
748,0,7336,7336
749,0,1320,1320
750,0,8458,8458
751,0,7312,7312
752,0,7722,7722
753,0,1231,1231
754,0,7014,7014
755,0,7303,7303
756,0,1395,1395
757,0,13956,13956
758,0,7877,7877
759,0,1376,1376
760,0,6909,6909
761,0,9416,9416
762,0,6973,6973
763,0,7305,7305
764,0,1416,1416
765,0,7861,7861
766,0,8244,8244
767,0,7540,7540
768,0,7503,7503
769,0,8053,8053
770,0,7409,7409
771,0,7728,7728
772,0,6886,6886
773,0,7555,7555
774,0,1350,1350
775,0,6506,6506
776,0,7525,7525
777,0,6861,6861
778,0,9853,9853
779,0,8915,8915
780,0,6659,6659
781,0,8639,8639
782,0,1325,1325
783,0,7597,7597
784,0,11306,11306
785,0,7783,7783
786,0,9113,9113
787,0,7388,7388
788,0,7625,7625
789,0,7640,7640
790,0,7633,7633
791,0,1354,1354
792,0,4273,4273
793,0,7648,7648
794,0,7671,7671
795,0,7602,7602
796,0,7812,7812
797,0,7699,7699
798,0,8019,8019
799,0,1462,1462
800,0,7678,7678
801,0,1313,1313
802,0,7764,7764
803,0,8425,8425
804,0,7506,7506
805,0,7023,7023
806,0,7695,7695
807,0,7790,7790
808,0,7603,7603
809,0,9346,9346
810,0,14325,14325
811,0,7954,7954
812,0,1372,1372
813,0,1310,1310
814,0,7574,7574
815,0,7617,7617
816,0,7650,7650
817,0,7534,7534
818,0,7794,7794
819,0,7437,7437
820,0,7739,7739
821,0,7598,7598
822,0,11381,11381
823,0,7804,7804
824,0,5639,5639
825,0,6674,6674
826,0,7911,7911
827,0,4819,4819
828,0,8962,8962
829,0,1299,1299
830,0,5629,5629
831,0,9384,9384
832,0,1396,1396
833,0,7576,7576
834,0,7670,7670
835,0,4692,4692
836,0,3677,3677
837,0,4627,4627
838,0,3817,3817
839,0,3501,3501
840,0,3287,3287
841,0,3586,3586
842,0,3426,3426
843,0,3936,3936
844,0,3433,3433
845,0,3326,3326
846,0,3404,3404
847,0,3189,3189
848,0,3409,3409
849,0,3080,3080
850,0,3229,3229
851,0,3346,3346
852,0,3460,3460
853,0,3426,3426
854,0,3438,3438
855,0,3158,3158
856,0,3629,3629
857,0,3278,3278
858,0,4457,4457
859,0,3430,3430
860,0,3458,3458
861,0,3198,3198
862,0,3405,3405
863,0,3416,3416
864,0,3452,3452
865,0,3229,3229
866,0,3243,3243
867,0,3668,3668
868,0,3608,3608
869,0,3898,3898
870,0,3162,3162
871,0,3579,3579
872,0,3967,3967
873,0,13507,13507
874,0,3507,3507
875,0,18294,18294
876,0,3527,3527
877,0,3116,3116
878,0,3800,3800
879,0,3361,3361
880,0,3409,3409
881,0,3434,3434
882,0,3178,3178
883,0,3449,3449
884,0,3727,3727
885,0,3357,3357
886,0,3553,3553
887,0,3173,3173
888,0,3540,3540
889,0,13946,13946
890,0,3508,3508
891,0,3172,3172
892,0,3551,3551
893,0,4297,4297
894,0,3343,3343
895,0,5217,5217
896,0,3178,3178
897,0,12767,12767
898,0,8095,8095
899,0,8341,8341
900,0,7936,7936
901,0,8139,8139
902,0,8214,8214
903,0,9373,9373
904,0,1458,1458
905,0,7048,7048
906,0,1473,1473
907,0,8027,8027
908,0,8142,8142
909,0,8085,8085
910,0,8388,8388
911,0,7881,7881
912,0,8279,8279
913,0,9671,9671
914,0,1434,1434
915,0,4321,4321
916,0,6280,6280
917,0,4295,4295
918,0,3438,3438
919,0,3583,3583
920,0,8817,8817
921,0,3402,3402
922,0,3197,3197
923,0,3093,3093
924,0,3389,3389
925,0,4073,4073
926,0,13703,13703
927,0,9003,9003
928,0,3197,3197
929,0,3195,3195
930,0,3434,3434
931,0,3180,3180
932,0,3167,3167
933,0,3189,3189
934,0,3449,3449
935,0,3389,3389
936,0,3862,3862
937,0,3328,3328
938,0,3073,3073
939,0,4186,4186
940,0,5329,5329
941,0,3592,3592
942,0,3634,3634
943,0,3445,3445
944,0,5166,5166
945,0,3385,3385
946,0,3499,3499
947,0,14642,14642
948,0,3514,3514
949,0,3518,3518
950,0,3765,3765
951,0,3517,3517
952,0,3493,3493
953,0,3318,3318
954,0,3378,3378
955,0,3798,3798
956,0,8914,8914
957,0,7759,7759
958,0,9748,9748
959,0,14164,14164
960,0,8235,8235
961,0,7453,7453
962,0,1320,1320
963,0,3952,3952
964,0,3384,3384
965,0,3881,3881
966,0,3335,3335
967,0,3126,3126
968,0,3402,3402
969,0,3122,3122
970,0,3249,3249
971,0,3212,3212
972,0,3105,3105
973,0,3658,3658
974,0,3423,3423
975,0,3236,3236
976,0,3141,3141
977,0,3451,3451
978,0,3767,3767
979,0,3153,3153
980,0,3363,3363
981,0,3238,3238
982,0,3272,3272
983,0,3274,3274
984,0,3285,3285
985,0,3395,3395
986,0,3110,3110
987,0,3237,3237
988,0,3128,3128
989,0,4333,4333
990,0,3603,3603
991,0,15166,15166
992,0,3565,3565
993,0,3329,3329
994,0,3457,3457
995,0,3648,3648
996,0,3415,3415
997,0,3395,3395
998,0,3388,3388
999,0,14669,14669
0,0,27855,27855
1,0,8985,8985
2,0,8969,8969
3,0,4626,4626
4,0,6312,6312
5,0,4633,4633
6,0,4249,4249
7,0,4803,4803
8,0,3912,3912
9,0,4287,4287
10,0,4046,4046
11,0,4122,4122
12,0,3756,3756
13,0,3775,3775
14,0,4305,4305
15,0,3821,3821
16,0,3745,3745
17,0,3848,3848
18,0,3751,3751
19,0,3824,3824
20,0,4084,4084
21,0,3958,3958
22,0,4111,4111
23,0,11239,11239
24,0,4114,4114
25,0,4107,4107
26,0,3938,3938
27,0,3917,3917
28,0,3836,3836
29,0,4429,4429
30,0,4202,4202
31,0,4130,4130
32,0,4510,4510
33,0,4154,4154
34,0,4277,4277
35,0,4237,4237
36,0,17734,17734
37,0,4272,4272
38,0,17593,17593
39,0,4466,4466
40,0,5571,5571
41,0,4127,4127
42,0,17423,17423
43,0,4252,4252
44,0,4292,4292
45,0,4407,4407
46,0,4110,4110
47,0,4351,4351
48,0,4398,4398
49,0,4317,4317
50,0,4290,4290
51,0,3957,3957
52,0,4123,4123
53,0,4418,4418
54,0,4199,4199
55,0,4418,4418
56,0,4238,4238
57,0,4386,4386
58,0,4509,4509
59,0,4159,4159
60,0,3925,3925
61,0,11860,11860
62,0,4338,4338
63,0,7317,7317
64,0,11541,11541
65,0,2919,2919
66,0,12130,12130
67,0,2136,2136
68,0,12221,12221
69,0,5940,5940
70,0,10703,10703
71,0,2020,2020
72,0,1884,1884
73,0,8332,8332
74,0,17932,17932
75,0,2007,2007
76,0,2100,2100
77,0,11880,11880
78,0,4124,4124
79,0,14543,14543
80,0,1928,1928
81,0,10722,10722
82,0,8602,8602
83,0,11368,11368
84,0,10659,10659
85,0,8623,8623
86,0,5856,5856
87,0,6536,6536
88,0,6590,6590
89,0,23967,23967
90,0,5936,5936
91,0,6138,6138
92,0,10046,10046
93,0,6847,6847
94,0,5931,5931
95,0,4537,4537
96,0,4633,4633
97,0,7597,7597
98,0,6971,6971
99,0,6472,6472
100,0,6852,6852
101,0,6739,6739
102,0,6815,6815
103,0,20466,20466
104,0,6632,6632
105,0,6851,6851
106,0,37631,37631
107,0,4058,4058
108,0,7543,7543
109,0,3025,3025
110,0,2242,2242
111,0,2093,2093
112,0,2124,2124
113,0,2090,2090
114,0,11283,11283
115,0,9460,9460
116,0,9322,9322
117,0,8997,8997
118,0,2036,2036
119,0,9965,9965
120,0,10364,10364
121,0,2167,2167
122,0,10877,10877
123,0,1994,1994
124,0,2068,2068
125,0,10968,10968
126,0,7631,7631
127,0,5373,5373
128,0,4493,4493
129,0,4400,4400
130,0,4079,4079
131,0,4290,4290
132,0,4152,4152
133,0,3975,3975
134,0,4784,4784
135,0,4173,4173
136,0,4043,4043
137,0,4208,4208
138,0,4566,4566
139,0,4107,4107
140,0,5640,5640
141,0,3769,3769
142,0,2334,2334
143,0,2018,2018
144,0,1834,1834
145,0,1843,1843
146,0,2040,2040
147,0,1948,1948
148,0,3305,3305
149,0,3676,3676
150,0,1841,1841
151,0,1959,1959
152,0,1790,1790
153,0,1844,1844
154,0,1840,1840
155,0,7211,7211
156,0,1828,1828
157,0,2021,2021
158,0,2194,2194
159,0,1846,1846
160,0,1992,1992
161,0,1881,1881
162,0,1732,1732
163,0,2176,2176
164,0,2396,2396
165,0,1938,1938
166,0,1942,1942
167,0,1916,1916
168,0,1844,1844
169,0,1856,1856
170,0,1944,1944
171,0,1868,1868
172,0,1896,1896
173,0,1978,1978
174,0,1862,1862
175,0,1810,1810
176,0,2113,2113
177,0,1861,1861
178,0,11478,11478
179,0,2377,2377
180,0,1943,1943
181,0,1771,1771
182,0,2029,2029
183,0,1842,1842
184,0,1908,1908
185,0,2071,2071
186,0,21523,21523
187,0,4548,4548
188,0,2589,2589
189,0,1855,1855
190,0,2187,2187
191,0,1975,1975
192,0,1965,1965
193,0,1858,1858
194,0,2007,2007
195,0,12144,12144
196,0,11408,11408
197,0,4741,4741
198,0,10899,10899
199,0,10511,10511
200,0,2030,2030
201,0,19574,19574
202,0,2486,2486
203,0,2062,2062
204,0,20034,20034
205,0,2038,2038
206,0,11406,11406
207,0,1953,1953
208,0,2008,2008
209,0,2005,2005
210,0,11028,11028
211,0,2861,2861
212,0,1930,1930
213,0,1787,1787
214,0,2006,2006
215,0,1907,1907
216,0,2288,2288
217,0,4464,4464
218,0,2132,2132
219,0,11104,11104
220,0,12104,12104
221,0,2194,2194
222,0,8729,8729
223,0,1953,1953
224,0,2171,2171
225,0,12483,12483
226,0,1841,1841
227,0,1871,1871
228,0,11140,11140
229,0,2056,2056
230,0,1882,1882
231,0,1958,1958
232,0,2077,2077
233,0,5471,5471
234,0,1904,1904
235,0,12164,12164
236,0,2131,2131
237,0,10548,10548
238,0,10774,10774
239,0,1847,1847
240,0,11745,11745
241,0,8299,8299
242,0,17076,17076
243,0,11359,11359
244,0,11553,11553
245,0,10466,10466
246,0,1791,1791
247,0,11210,11210
248,0,11135,11135
249,0,10802,10802
250,0,11179,11179
251,0,10828,10828
252,0,11279,11279
253,0,10995,10995
254,0,2145,2145
255,0,11014,11014
256,0,9916,9916
257,0,10478,10478
258,0,8011,8011
259,0,10769,10769
260,0,10209,10209
261,0,10381,10381
262,0,1905,1905
263,0,1963,1963
264,0,1909,1909
265,0,10752,10752
266,0,10575,10575
267,0,2552,2552
268,0,11516,11516
269,0,12137,12137
270,0,1915,1915
271,0,11126,11126
272,0,1920,1920
273,0,10237,10237
274,0,1835,1835
275,0,1903,1903
276,0,7500,7500
277,0,6447,6447
278,0,5000,5000
279,0,6696,6696
280,0,5084,5084
281,0,5495,5495
282,0,6805,6805
283,0,18679,18679
284,0,13454,13454
285,0,8942,8942
286,0,6845,6845
287,0,8796,8796
288,0,9102,9102
289,0,12292,12292
290,0,10881,10881
291,0,1857,1857
292,0,10327,10327
293,0,12721,12721
294,0,8210,8210
295,0,11681,11681
296,0,11850,11850
297,0,12164,12164
298,0,2069,2069
299,0,10044,10044
300,0,10769,10769
301,0,10666,10666
302,0,11463,11463
303,0,11887,11887
304,0,13824,13824
305,0,1959,1959
306,0,17987,17987
307,0,11396,11396
308,0,10985,10985
309,0,8058,8058
310,0,8773,8773
311,0,1976,1976
312,0,9627,9627
313,0,10472,10472
314,0,8976,8976
315,0,8407,8407
316,0,10805,10805
317,0,11660,11660
318,0,5853,5853
319,0,16371,16371
320,0,10814,10814
321,0,14025,14025
322,0,11305,11305
323,0,12385,12385
324,0,14976,14976
325,0,11192,11192
326,0,10846,10846
327,0,11287,11287
328,0,3852,3852
329,0,11689,11689
330,0,10706,10706
331,0,10513,10513
332,0,11627,11627
333,0,10626,10626
334,0,3397,3397
335,0,11505,11505
336,0,2183,2183
337,0,12256,12256
338,0,10807,10807
339,0,10641,10641
340,0,2323,2323
341,0,11015,11015
342,0,11306,11306
343,0,11858,11858
344,0,3002,3002
345,0,10808,10808
346,0,6573,6573
347,0,6414,6414
348,0,8173,8173
349,0,5776,5776
350,0,2822,2822
351,0,10789,10789
352,0,11207,11207
353,0,2150,2150
354,0,10933,10933
355,0,23744,23744
356,0,11223,11223
357,0,10741,10741
358,0,1899,1899
359,0,10724,10724
360,0,5701,5701
361,0,9092,9092
362,0,11119,11119
363,0,11342,11342
364,0,11203,11203
365,0,1932,1932
366,0,11101,11101
367,0,15130,15130
368,0,10990,10990
369,0,11215,11215
370,0,10931,10931
371,0,1878,1878
372,0,9832,9832
373,0,2789,2789
374,0,6791,6791
375,0,14721,14721
376,0,12507,12507
377,0,7428,7428
378,0,12393,12393
379,0,11914,11914
380,0,45709,45709
381,0,11636,11636
382,0,23952,23952
383,0,10755,10755
384,0,2036,2036
385,0,11472,11472
386,0,1744,1744
387,0,12512,12512
388,0,10795,10795
389,0,11015,11015
390,0,2020,2020
391,0,1913,1913
392,0,10391,10391
393,0,1955,1955
394,0,13238,13238
395,0,10662,10662
396,0,10856,10856
397,0,11132,11132
398,0,10667,10667
399,0,11432,11432
400,0,10358,10358
401,0,34421,34421
402,0,3018,3018
403,0,10388,10388
404,0,6441,6441
405,0,4619,4619
406,0,8520,8520
407,0,7586,7586
408,0,4424,4424
409,0,3973,3973
410,0,4205,4205
411,0,10761,10761
412,0,23601,23601
413,0,3016,3016
414,0,2619,2619
415,0,11851,11851
416,0,10235,10235
417,0,11564,11564
418,0,11401,11401
419,0,11068,11068
420,0,2072,2072
421,0,10611,10611
422,0,10931,10931
423,0,2243,2243
424,0,2016,2016
425,0,11379,11379
426,0,8876,8876
427,0,2075,2075
428,0,11878,11878
429,0,10532,10532
430,0,11235,11235
431,0,10639,10639
432,0,2033,2033
433,0,8082,8082
434,0,9675,9675
435,0,2029,2029
436,0,11214,11214
437,0,8820,8820
438,0,10296,10296
439,0,11217,11217
440,0,10493,10493
441,0,10072,10072
442,0,10293,10293
443,0,2261,2261
444,0,10982,10982
445,0,2019,2019
446,0,13257,13257
447,0,10297,10297
448,0,2034,2034
449,0,12098,12098
450,0,1940,1940
451,0,10747,10747
452,0,11333,11333
453,0,10385,10385
454,0,11204,11204
455,0,13516,13516
456,0,2550,2550
457,0,11171,11171
458,0,11651,11651
459,0,11326,11326
460,0,10517,10517
461,0,11674,11674
462,0,9883,9883
463,0,9916,9916
464,0,10976,10976
465,0,10377,10377
466,0,1931,1931
467,0,10933,10933
468,0,11708,11708
469,0,4973,4973
470,0,11614,11614
471,0,10890,10890
472,0,6639,6639
473,0,11249,11249
474,0,2020,2020
475,0,2034,2034
476,0,11233,11233
477,0,10956,10956
478,0,12438,12438
479,0,9877,9877
480,0,11444,11444
481,0,10662,10662
482,0,11384,11384
483,0,10245,10245
484,0,16944,16944
485,0,14352,14352
486,0,11073,11073
487,0,9749,9749
488,0,9610,9610
489,0,1956,1956
490,0,11983,11983
491,0,10877,10877
492,0,6667,6667
493,0,12399,12399
494,0,11384,11384
495,0,10599,10599
496,0,10966,10966
497,0,11131,11131
498,0,11954,11954
499,0,11396,11396
500,0,10102,10102
501,0,11399,11399
502,0,11377,11377
503,0,5159,5159
504,0,11080,11080
505,0,8254,8254
506,0,12555,12555
507,0,10801,10801
508,0,10688,10688
509,0,12589,12589
510,0,11359,11359
511,0,2243,2243
512,0,10887,10887
513,0,12006,12006
514,0,11888,11888
515,0,11233,11233
516,0,11253,11253
517,0,11002,11002
518,0,9637,9637
519,0,10644,10644
520,0,10600,10600
521,0,10674,10674
522,0,12520,12520
523,0,10658,10658
524,0,11686,11686
525,0,7072,7072
526,0,10704,10704
527,0,10544,10544
528,0,11199,11199
529,0,6454,6454
530,0,10788,10788
531,0,11567,11567
532,0,1886,1886
533,0,11250,11250
534,0,10791,10791
535,0,2188,2188
536,0,11353,11353
537,0,6384,6384
538,0,6010,6010
539,0,14798,14798
540,0,2514,2514
541,0,8641,8641
542,0,11842,11842
543,0,11751,11751
544,0,8210,8210
545,0,22547,22547
546,0,1993,1993
547,0,11340,11340
548,0,7372,7372
549,0,4847,4847
550,0,9432,9432
551,0,11315,11315
552,0,10572,10572
553,0,20176,20176
554,0,10800,10800
555,0,11549,11549
556,0,11106,11106
557,0,10483,10483
558,0,11179,11179
559,0,12396,12396
560,0,11241,11241
561,0,11525,11525
562,0,6164,6164
563,0,7783,7783
564,0,13021,13021
565,0,11301,11301
566,0,11854,11854
567,0,10908,10908
568,0,1887,1887
569,0,1953,1953
570,0,9047,9047
571,0,22187,22187
572,0,11282,11282
573,0,10634,10634
574,0,10681,10681
575,0,11054,11054
576,0,7193,7193
577,0,10655,10655
578,0,7822,7822
579,0,10842,10842
580,0,11579,11579
581,0,11067,11067
582,0,13540,13540
583,0,2017,2017
584,0,11161,11161
585,0,12178,12178
586,0,10922,10922
587,0,1858,1858
588,0,10704,10704
589,0,10483,10483
590,0,7992,7992
591,0,6493,6493
592,0,7805,7805
593,0,6523,6523
594,0,6090,6090
595,0,7893,7893
596,0,6364,6364
597,0,4760,4760
598,0,4897,4897
599,0,7177,7177
600,0,7724,7724
601,0,5185,5185
602,0,4361,4361
603,0,5303,5303
604,0,4022,4022
605,0,3741,3741
606,0,2837,2837
607,0,4918,4918
608,0,12418,12418
609,0,15022,15022
610,0,12280,12280
611,0,8102,8102
612,0,10526,10526
613,0,11415,11415
614,0,18022,18022
615,0,11410,11410
616,0,10392,10392
617,0,8695,8695
618,0,11922,11922
619,0,11422,11422
620,0,10835,10835
621,0,11268,11268
622,0,2105,2105
623,0,17872,17872
624,0,1935,1935
625,0,12496,12496
626,0,11790,11790
627,0,10962,10962
628,0,1972,1972
629,0,8847,8847
630,0,11566,11566
631,0,11268,11268
632,0,11069,11069
633,0,10304,10304
634,0,1932,1932
635,0,1806,1806
636,0,1898,1898
637,0,11841,11841
638,0,2004,2004
639,0,2004,2004
640,0,2175,2175
641,0,11694,11694
642,0,11420,11420
643,0,10867,10867
644,0,10550,10550
645,0,12609,12609
646,0,11702,11702
647,0,10824,10824
648,0,9328,9328
649,0,10029,10029
650,0,11321,11321
651,0,2020,2020
652,0,11286,11286
653,0,11845,11845
654,0,14983,14983
655,0,10964,10964
656,0,1963,1963
657,0,11229,11229
658,0,12810,12810
659,0,10294,10294
660,0,12568,12568
661,0,10917,10917
662,0,1905,1905
663,0,10219,10219
664,0,2137,2137
665,0,20774,20774
666,0,2115,2115
667,0,10492,10492
668,0,9894,9894
669,0,2103,2103
670,0,9235,9235
671,0,11633,11633
672,0,11457,11457
673,0,23081,23081
674,0,11176,11176
675,0,10854,10854
676,0,7170,7170
677,0,12670,12670
678,0,1858,1858
679,0,11109,11109
680,0,10490,10490
681,0,12457,12457
682,0,10646,10646
683,0,7784,7784
684,0,11041,11041
685,0,8014,8014
686,0,11045,11045
687,0,11057,11057
688,0,10885,10885
689,0,11443,11443
690,0,1984,1984
691,0,11290,11290
692,0,11932,11932
693,0,23796,23796
694,0,2128,2128
695,0,10918,10918
696,0,10423,10423
697,0,5927,5927
698,0,11243,11243
699,0,11232,11232
700,0,11284,11284
701,0,12731,12731
702,0,20040,20040
703,0,10872,10872
704,0,10992,10992
705,0,11154,11154
706,0,1932,1932
707,0,2307,2307
708,0,11384,11384
709,0,9964,9964
710,0,11065,11065
711,0,2435,2435
712,0,9871,9871
713,0,11264,11264
714,0,11771,11771
715,0,11565,11565
716,0,11283,11283
717,0,12894,12894
718,0,1997,1997
719,0,12862,12862
720,0,9182,9182
721,0,9068,9068
722,0,6141,6141
723,0,4412,4412
724,0,5607,5607
725,0,4273,4273
726,0,21203,21203
727,0,4172,4172
728,0,4244,4244
729,0,4185,4185
730,0,4272,4272
731,0,4057,4057
732,0,5073,5073
733,0,18659,18659
734,0,4541,4541
735,0,4376,4376
736,0,43928,43928
737,0,4407,4407
738,0,4238,4238
739,0,4345,4345
740,0,7237,7237
741,0,4696,4696
742,0,4402,4402
743,0,4452,4452
744,0,4618,4618
745,0,6431,6431
746,0,4833,4833
747,0,4138,4138
748,0,4349,4349
749,0,4642,4642
750,0,4281,4281
751,0,4034,4034
752,0,4469,4469
753,0,4486,4486
754,0,4275,4275
755,0,4501,4501
756,0,4216,4216
757,0,4520,4520
758,0,4156,4156
759,0,8599,8599
760,0,11054,11054
761,0,4467,4467
762,0,17868,17868
763,0,4353,4353
764,0,5406,5406
765,0,4099,4099
766,0,4308,4308
767,0,10177,10177
768,0,12106,12106
769,0,4028,4028
770,0,13911,13911
771,0,11210,11210
772,0,2283,2283
773,0,11517,11517
774,0,2110,2110
775,0,2013,2013
776,0,11361,11361
777,0,2055,2055
778,0,12032,12032
779,0,1973,1973
780,0,1940,1940
781,0,7905,7905
782,0,2087,2087
783,0,8412,8412
784,0,10134,10134
785,0,1998,1998
786,0,11112,11112
787,0,11637,11637
788,0,11272,11272
789,0,2116,2116
790,0,1969,1969
791,0,11214,11214
792,0,11101,11101
793,0,2015,2015
794,0,1994,1994
795,0,11007,11007
796,0,11404,11404
797,0,1977,1977
798,0,11055,11055
799,0,2172,2172
800,0,11666,11666
801,0,2116,2116
802,0,11600,11600
803,0,2073,2073
804,0,1968,1968
805,0,1862,1862
806,0,11842,11842
807,0,2989,2989
808,0,10348,10348
809,0,1789,1789
810,0,11736,11736
811,0,10596,10596
812,0,11768,11768
813,0,2024,2024
814,0,2074,2074
815,0,10834,10834
816,0,1975,1975
817,0,2043,2043
818,0,2112,2112
819,0,16620,16620
820,0,1891,1891
821,0,1920,1920
822,0,2156,2156
823,0,1993,1993
824,0,16856,16856
825,0,2024,2024
826,0,21632,21632
827,0,2101,2101
828,0,2041,2041
829,0,1789,1789
830,0,10770,10770
831,0,1870,1870
832,0,11282,11282
833,0,11104,11104
834,0,2013,2013
835,0,10867,10867
836,0,5661,5661
837,0,14987,14987
838,0,2051,2051
839,0,12702,12702
840,0,4610,4610
841,0,10043,10043
842,0,2062,2062
843,0,11016,11016
844,0,1851,1851
845,0,11492,11492
846,0,1969,1969
847,0,1944,1944
848,0,11344,11344
849,0,10938,10938
850,0,2105,2105
851,0,11725,11725
852,0,2258,2258
853,0,1912,1912
854,0,1926,1926
855,0,1891,1891
856,0,11411,11411
857,0,9285,9285
858,0,2070,2070
859,0,10299,10299
860,0,1886,1886
861,0,13156,13156
862,0,1867,1867
863,0,11843,11843
864,0,1935,1935
865,0,10451,10451
866,0,23772,23772
867,0,2498,2498
868,0,13591,13591
869,0,2038,2038
870,0,10643,10643
871,0,10285,10285
872,0,10802,10802
873,0,2485,2485
874,0,9878,9878
875,0,11269,11269
876,0,11770,11770
877,0,10826,10826
878,0,11254,11254
879,0,6990,6990
880,0,6811,6811
881,0,12067,12067
882,0,2032,2032
883,0,13277,13277
884,0,11590,11590
885,0,8376,8376
886,0,11630,11630
887,0,11431,11431
888,0,10907,10907
889,0,11016,11016
890,0,11352,11352
891,0,8070,8070
892,0,7366,7366
893,0,7062,7062
894,0,6338,6338
895,0,6326,6326
896,0,6472,6472
897,0,6197,6197
898,0,6333,6333
899,0,6962,6962
900,0,6359,6359
901,0,6158,6158
902,0,6173,6173
903,0,5361,5361
904,0,13792,13792
905,0,4189,4189
906,0,9614,9614
907,0,6465,6465
908,0,2097,2097
909,0,11821,11821
910,0,12020,12020
911,0,2152,2152
912,0,11913,11913
913,0,2034,2034
914,0,16417,16417
915,0,10229,10229
916,0,12488,12488
917,0,11279,11279
918,0,11882,11882
919,0,37318,37318
920,0,1990,1990
921,0,1935,1935
922,0,2490,2490
923,0,6975,6975
924,0,13873,13873
925,0,14585,14585
926,0,11935,11935
927,0,7400,7400
928,0,10702,10702
929,0,11783,11783
930,0,11366,11366
931,0,8447,8447
932,0,13047,13047
933,0,3612,3612
934,0,10468,10468
935,0,31694,31694
936,0,11407,11407
937,0,1977,1977
938,0,11035,11035
939,0,11236,11236
940,0,9923,9923
941,0,10730,10730
942,0,10294,10294
943,0,11342,11342
944,0,10896,10896
945,0,1996,1996
946,0,1965,1965
947,0,10858,10858
948,0,2045,2045
949,0,12900,12900
950,0,11911,11911
951,0,12613,12613
952,0,10192,10192
953,0,2060,2060
954,0,11081,11081
955,0,21954,21954
956,0,7646,7646
957,0,11390,11390
958,0,2143,2143
959,0,11547,11547
960,0,11151,11151
961,0,1969,1969
962,0,9211,9211
963,0,2150,2150
964,0,2052,2052
965,0,11466,11466
966,0,9609,9609
967,0,2044,2044
968,0,11152,11152
969,0,2640,2640
970,0,11059,11059
971,0,11339,11339
972,0,10157,10157
973,0,2294,2294
974,0,2009,2009
975,0,2145,2145
976,0,9215,9215
977,0,10852,10852
978,0,10772,10772
979,0,1945,1945
980,0,4525,4525
981,0,2811,2811
982,0,10824,10824
983,0,20815,20815
984,0,10184,10184
985,0,9415,9415
986,0,11030,11030
987,0,11055,11055
988,0,1899,1899
989,0,1998,1998
990,0,13094,13094
991,0,11387,11387
992,0,11183,11183
993,0,10050,10050
994,0,11783,11783
995,0,11081,11081
996,0,10657,10657
997,0,2312,2312
998,0,11729,11729
999,0,11360,11360
0,0,28832,28832
1,0,16108,16108
2,0,12924,12924
3,0,8065,8065
4,0,8745,8745
5,0,8051,8051
6,0,8429,8429
7,0,7894,7894
8,0,6792,6792
9,0,8280,8280
10,0,10021,10021
11,0,14247,14247
12,0,9093,9093
13,0,8660,8660
14,0,8566,8566
15,0,7462,7462
16,0,8499,8499
17,0,8332,8332
18,0,9098,9098
19,0,9003,9003
20,0,8308,8308
21,0,8308,8308
22,0,9163,9163
23,0,7132,7132
24,0,8349,8349
25,0,9952,9952
26,0,8386,8386
27,0,8897,8897
28,0,7827,7827
29,0,8167,8167
30,0,9208,9208
31,0,10526,10526
32,0,7712,7712
33,0,8430,8430
34,0,11312,11312
35,0,11002,11002
36,0,8817,8817
37,0,7900,7900
38,0,12615,12615
39,0,12153,12153
40,0,8005,8005
41,0,7882,7882
42,0,11948,11948
43,0,8386,8386
44,0,8062,8062
45,0,7374,7374
46,0,7479,7479
47,0,8251,8251
48,0,7358,7358
49,0,8442,8442
50,0,9190,9190
51,0,10987,10987
52,0,10694,10694
53,0,16550,16550
54,0,9479,9479
55,0,8440,8440
56,0,11827,11827
57,0,7468,7468
58,0,10426,10426
59,0,7290,7290
60,0,12541,12541
61,0,10923,10923
62,0,11170,11170
63,0,9760,9760
64,0,11774,11774
65,0,6870,6870
66,0,8259,8259
67,0,7023,7023
68,0,6671,6671
69,0,7091,7091
70,0,6585,6585
71,0,6674,6674
72,0,6786,6786
73,0,14535,14535
74,0,7452,7452
75,0,21706,21706
76,0,6801,6801
77,0,7938,7938
78,0,6949,6949
79,0,6728,6728
80,0,6958,6958
81,0,26050,26050
82,0,8085,8085
83,0,6739,6739
84,0,7402,7402
85,0,7321,7321
86,0,8280,8280
87,0,7029,7029
88,0,7605,7605
89,0,6730,6730
90,0,10806,10806
91,0,7056,7056
92,0,7026,7026
93,0,8213,8213
94,0,6827,6827
95,0,23279,23279
96,0,6746,6746
97,0,7253,7253
98,0,10161,10161
99,0,27808,27808
100,0,24306,24306
101,0,17163,17163
102,0,22473,22473
103,0,12859,12859
104,0,20572,20572
105,0,3981,3981
106,0,20868,20868
107,0,24114,24114
108,0,22458,22458
109,0,14757,14757
110,0,3740,3740
111,0,14676,14676
112,0,8632,8632
113,0,6222,6222
114,0,4212,4212
115,0,19085,19085
116,0,20647,20647
117,0,10939,10939
118,0,13213,13213
119,0,5058,5058
120,0,31393,31393
121,0,9739,9739
122,0,6156,6156
123,0,4001,4001
124,0,24048,24048
125,0,20478,20478
126,0,31231,31231
127,0,17365,17365
128,0,11239,11239
129,0,3943,3943
130,0,13785,13785
131,0,3847,3847
132,0,17694,17694
133,0,15424,15424
134,0,3771,3771
135,0,13009,13009
136,0,3715,3715
137,0,17815,17815
138,0,3676,3676
139,0,20981,20981
140,0,3527,3527
141,0,19096,19096
142,0,20970,20970
143,0,3865,3865
144,0,20072,20072
145,0,3584,3584
146,0,16777,16777
147,0,19557,19557
148,0,3399,3399
149,0,24952,24952
150,0,3772,3772
151,0,20575,20575
152,0,19889,19889
153,0,18297,18297
154,0,4268,4268
155,0,3543,3543
156,0,12134,12134
157,0,11806,11806
158,0,15476,15476
159,0,16662,16662
160,0,3900,3900
161,0,3595,3595
162,0,20283,20283
163,0,12403,12403
164,0,13867,13867
165,0,3597,3597
166,0,18308,18308
167,0,17559,17559
168,0,3566,3566
169,0,20563,20563
170,0,20312,20312
171,0,16799,16799
172,0,19516,19516
173,0,41506,41506
174,0,11073,11073
175,0,3695,3695
176,0,16931,16931
177,0,20065,20065
178,0,3491,3491
179,0,10959,10959
180,0,3693,3693
181,0,16217,16217
182,0,11730,11730
183,0,10220,10220
184,0,19010,19010
185,0,9989,9989
186,0,8332,8332
187,0,10993,10993
188,0,7464,7464
189,0,7833,7833
190,0,11519,11519
191,0,7397,7397
192,0,7184,7184
193,0,7877,7877
194,0,7993,7993
195,0,8183,8183
196,0,7234,7234
197,0,7018,7018
198,0,19525,19525
199,0,24457,24457
200,0,23085,23085
201,0,20979,20979
202,0,3739,3739
203,0,16627,16627
204,0,14454,14454
205,0,19596,19596
206,0,8229,8229
207,0,20600,20600
208,0,20154,20154
209,0,19280,19280
210,0,12562,12562
211,0,3649,3649
212,0,8224,8224
213,0,7963,7963
214,0,6987,6987
215,0,7910,7910
216,0,7777,7777
217,0,6830,6830
218,0,8962,8962
219,0,12510,12510
220,0,7775,7775
221,0,7711,7711
222,0,6890,6890
223,0,7550,7550
224,0,7790,7790
225,0,7491,7491
226,0,6862,6862
227,0,6687,6687
228,0,6915,6915
229,0,7638,7638
230,0,6993,6993
231,0,6693,6693
232,0,7904,7904
233,0,7240,7240
234,0,6882,6882
235,0,8360,8360
236,0,17197,17197
237,0,20757,20757
238,0,14428,14428
239,0,15411,15411
240,0,5781,5781
241,0,21067,21067
242,0,12219,12219
243,0,4409,4409
244,0,21781,21781
245,0,9675,9675
246,0,7316,7316
247,0,11828,11828
248,0,10128,10128
249,0,8153,8153
250,0,9737,9737
251,0,9398,9398
252,0,16511,16511
253,0,14017,14017
254,0,8747,8747
255,0,7380,7380
256,0,12280,12280
257,0,8529,8529
258,0,8305,8305
259,0,8334,8334
260,0,15657,15657
261,0,8435,8435
262,0,14185,14185
263,0,9471,9471
264,0,12095,12095
265,0,8189,8189
266,0,7267,7267
267,0,8932,8932
268,0,16685,16685
269,0,8180,8180
270,0,8909,8909
271,0,8467,8467
272,0,8627,8627
273,0,8666,8666
274,0,8475,8475
275,0,124920,124920
276,0,9211,9211
277,0,5053,5053
278,0,5306,5306
279,0,13344,13344
280,0,3910,3910
281,0,8994,8994
282,0,19512,19512
283,0,19331,19331
284,0,20974,20974
285,0,20027,20027
286,0,19939,19939
287,0,19159,19159
288,0,19939,19939
289,0,4128,4128
290,0,21546,21546
291,0,4448,4448
292,0,21519,21519
293,0,3547,3547
294,0,13358,13358
295,0,12144,12144
296,0,23379,23379
297,0,6498,6498
298,0,6145,6145
299,0,12784,12784
300,0,4732,4732
301,0,14318,14318
302,0,14562,14562
303,0,15565,15565
304,0,13788,13788
305,0,11778,11778
306,0,21755,21755
307,0,12859,12859
308,0,15565,15565
309,0,15860,15860
310,0,16824,16824
311,0,12904,12904
312,0,19014,19014
313,0,20012,20012
314,0,3865,3865
315,0,20185,20185
316,0,5453,5453
317,0,18828,18828
318,0,13444,13444
319,0,3970,3970
320,0,18763,18763
321,0,3721,3721
322,0,13481,13481
323,0,6578,6578
324,0,17630,17630
325,0,3630,3630
326,0,21567,21567
327,0,16277,16277
328,0,21677,21677
329,0,3495,3495
330,0,22184,22184
331,0,17557,17557
332,0,9937,9937
333,0,20899,20899
334,0,13501,13501
335,0,11205,11205
336,0,14237,14237
337,0,13664,13664
338,0,5292,5292
339,0,17027,17027
340,0,3651,3651
341,0,31217,31217
342,0,19439,19439
343,0,9171,9171
344,0,13947,13947
345,0,5912,5912
346,0,20672,20672
347,0,5357,5357
348,0,20703,20703
349,0,12748,12748
350,0,10840,10840
351,0,4138,4138
352,0,22866,22866
353,0,19762,19762
354,0,22736,22736
355,0,3547,3547
356,0,3613,3613
357,0,16237,16237
358,0,23874,23874
359,0,4007,4007
360,0,22162,22162
361,0,13552,13552
362,0,29320,29320
363,0,16330,16330
364,0,16662,16662
365,0,27001,27001
366,0,19325,19325
367,0,9498,9498
368,0,16033,16033
369,0,3800,3800
370,0,15320,15320
371,0,19994,19994
372,0,17161,17161
373,0,4767,4767
374,0,3813,3813
375,0,8688,8688
376,0,6135,6135
377,0,12269,12269
378,0,14256,14256
379,0,14179,14179
380,0,3662,3662
381,0,21930,21930
382,0,20664,20664
383,0,30671,30671
384,0,10916,10916
385,0,21998,21998
386,0,12041,12041
387,0,21559,21559
388,0,15654,15654
389,0,20087,20087
390,0,10364,10364
391,0,15206,15206
392,0,19164,19164
393,0,22822,22822
394,0,3562,3562
395,0,3607,3607
396,0,19733,19733
397,0,21382,21382
398,0,19616,19616
399,0,19846,19846
400,0,42719,42719
401,0,7129,7129
402,0,4291,4291
403,0,23189,23189
404,0,8622,8622
405,0,17757,17757
406,0,5798,5798
407,0,16976,16976
408,0,7842,7842
409,0,4523,4523
410,0,8980,8980
411,0,24103,24103
412,0,20635,20635
413,0,21513,21513
414,0,4037,4037
415,0,20104,20104
416,0,4793,4793
417,0,23265,23265
418,0,21515,21515
419,0,19391,19391
420,0,21581,21581
421,0,14822,14822
422,0,21200,21200
423,0,3772,3772
424,0,21212,21212
425,0,3484,3484
426,0,20846,20846
427,0,3683,3683
428,0,3740,3740
429,0,18110,18110
430,0,14567,14567
431,0,4826,4826
432,0,17183,17183
433,0,19298,19298
434,0,3635,3635
435,0,18777,18777
436,0,11209,11209
437,0,19646,19646
438,0,19688,19688
439,0,21260,21260
440,0,20570,20570
441,0,15986,15986
442,0,17155,17155
443,0,11986,11986
444,0,22311,22311
445,0,16165,16165
446,0,9544,9544
447,0,21828,21828
448,0,4218,4218
449,0,3553,3553
450,0,3586,3586
451,0,12530,12530
452,0,20588,20588
453,0,19680,19680
454,0,10156,10156
455,0,9117,9117
456,0,21258,21258
457,0,20051,20051
458,0,20096,20096
459,0,18936,18936
460,0,13265,13265
461,0,20070,20070
462,0,8513,8513
463,0,19903,19903
464,0,20996,20996
465,0,20097,20097
466,0,17227,17227
467,0,12528,12528
468,0,20719,20719
469,0,4412,4412
470,0,18215,18215
471,0,10709,10709
472,0,18398,18398
473,0,10172,10172
474,0,10336,10336
475,0,25162,25162
476,0,9550,9550
477,0,10301,10301
478,0,20248,20248
479,0,3579,3579
480,0,12845,12845
481,0,22282,22282
482,0,20430,20430
483,0,20406,20406
484,0,8993,8993
485,0,6502,6502
486,0,22996,22996
487,0,30787,30787
488,0,4484,4484
489,0,21175,21175
490,0,17501,17501
491,0,3541,3541
492,0,3683,3683
493,0,24970,24970
494,0,20952,20952
495,0,3764,3764
496,0,20791,20791
497,0,21933,21933
498,0,23210,23210
499,0,32420,32420
500,0,20776,20776
501,0,3441,3441
502,0,20218,20218
503,0,3650,3650
504,0,20473,20473
505,0,3565,3565
506,0,26229,26229
507,0,23695,23695
508,0,13670,13670
509,0,6303,6303
510,0,8506,8506
511,0,26601,26601
512,0,45097,45097
513,0,3782,3782
514,0,12463,12463
515,0,24649,24649
516,0,3595,3595
517,0,17105,17105
518,0,20251,20251
519,0,3810,3810
520,0,19605,19605
521,0,3607,3607
522,0,20571,20571
523,0,4145,4145
524,0,10779,10779
525,0,13242,13242
526,0,9373,9373
527,0,20585,20585
528,0,20112,20112
529,0,20466,20466
530,0,23298,23298
531,0,14846,14846
532,0,19881,19881
533,0,3647,3647
534,0,19915,19915
535,0,13303,13303
536,0,11715,11715
537,0,12265,12265
538,0,21946,21946
539,0,20532,20532
540,0,17542,17542
541,0,16790,16790
542,0,20429,20429
543,0,3744,3744
544,0,14707,14707
545,0,18554,18554
546,0,10110,10110
547,0,12718,12718
548,0,21817,21817
549,0,3508,3508
550,0,11009,11009
551,0,21731,21731
552,0,7045,7045
553,0,25991,25991
554,0,8981,8981
555,0,20964,20964
556,0,11074,11074
557,0,22386,22386
558,0,4628,4628
559,0,11068,11068
560,0,3539,3539
561,0,21800,21800
562,0,13821,13821
563,0,15223,15223
564,0,13843,13843
565,0,21085,21085
566,0,13625,13625
567,0,3386,3386
568,0,19849,19849
569,0,9807,9807
570,0,15984,15984
571,0,20276,20276
572,0,16481,16481
573,0,13869,13869
574,0,19630,19630
575,0,3545,3545
576,0,15198,15198
577,0,18577,18577
578,0,6344,6344
579,0,4053,4053
580,0,3467,3467
581,0,21602,21602
582,0,3979,3979
583,0,22312,22312
584,0,3528,3528
585,0,18227,18227
586,0,15503,15503
587,0,3732,3732
588,0,25416,25416
589,0,19700,19700
590,0,19207,19207
591,0,3758,3758
592,0,15185,15185
593,0,22859,22859
594,0,3694,3694
595,0,9660,9660
596,0,19100,19100
597,0,11919,11919
598,0,3943,3943
599,0,7106,7106
600,0,14220,14220
601,0,3929,3929
602,0,13802,13802
603,0,3567,3567
604,0,3462,3462
605,0,4283,4283
606,0,3664,3664
607,0,3727,3727
608,0,3661,3661
609,0,4566,4566
610,0,3365,3365
611,0,19646,19646
612,0,3474,3474
613,0,3378,3378
614,0,4191,4191
615,0,18547,18547
616,0,3356,3356
617,0,3634,3634
618,0,3495,3495
619,0,3601,3601
620,0,3531,3531
621,0,3869,3869
622,0,3496,3496
623,0,3535,3535
624,0,3512,3512
625,0,3768,3768
626,0,3754,3754
627,0,20056,20056
628,0,3438,3438
629,0,19427,19427
630,0,3554,3554
631,0,3602,3602
632,0,3440,3440
633,0,3671,3671
634,0,3592,3592
635,0,3664,3664
636,0,3948,3948
637,0,3512,3512
638,0,4526,4526
639,0,3687,3687
640,0,3937,3937
641,0,3845,3845
642,0,3927,3927
643,0,3742,3742
644,0,3481,3481
645,0,3617,3617
646,0,5486,5486
647,0,3822,3822
648,0,3608,3608
649,0,3534,3534
650,0,3476,3476
651,0,4505,4505
652,0,3499,3499
653,0,3582,3582
654,0,3418,3418
655,0,3463,3463
656,0,3785,3785
657,0,20398,20398
658,0,3723,3723
659,0,4053,4053
660,0,20613,20613
661,0,3541,3541
662,0,3521,3521
663,0,3553,3553
664,0,3716,3716
665,0,3944,3944
666,0,22668,22668
667,0,3535,3535
668,0,3703,3703
669,0,3886,3886
670,0,3908,3908
671,0,3688,3688
672,0,3460,3460
673,0,3519,3519
674,0,5837,5837
675,0,3855,3855
676,0,3569,3569
677,0,3873,3873
678,0,3528,3528
679,0,3452,3452
680,0,3654,3654
681,0,3634,3634
682,0,3583,3583
683,0,3568,3568
684,0,4019,4019
685,0,39052,39052
686,0,3698,3698
687,0,23083,23083
688,0,3554,3554
689,0,19963,19963
690,0,22736,22736
691,0,19556,19556
692,0,3487,3487
693,0,3459,3459
694,0,13309,13309
695,0,10325,10325
696,0,8362,8362
697,0,8155,8155
698,0,17192,17192
699,0,8077,8077
700,0,8803,8803
701,0,9355,9355
702,0,8064,8064
703,0,27523,27523
704,0,13207,13207
705,0,21089,21089
706,0,6223,6223
707,0,20413,20413
708,0,8925,8925
709,0,20594,20594
710,0,14131,14131
711,0,12774,12774
712,0,13693,13693
713,0,9631,9631
714,0,3761,3761
715,0,13526,13526
716,0,12267,12267
717,0,20909,20909
718,0,27353,27353
719,0,11284,11284
720,0,13288,13288
721,0,20203,20203
722,0,14971,14971
723,0,9746,9746
724,0,3582,3582
725,0,23544,23544
726,0,3495,3495
727,0,21507,21507
728,0,20532,20532
729,0,3650,3650
730,0,17424,17424
731,0,4159,4159
732,0,23517,23517
733,0,20467,20467
734,0,20988,20988
735,0,21105,21105
736,0,3547,3547
737,0,26447,26447
738,0,13895,13895
739,0,15951,15951
740,0,3856,3856
741,0,25667,25667
742,0,13241,13241
743,0,20910,20910
744,0,22004,22004
745,0,20208,20208
746,0,19787,19787
747,0,20448,20448
748,0,3771,3771
749,0,20243,20243
750,0,16019,16019
751,0,10038,10038
752,0,11471,11471
753,0,21694,21694
754,0,16915,16915
755,0,11057,11057
756,0,10789,10789
757,0,6435,6435
758,0,5982,5982
759,0,13454,13454
760,0,23920,23920
761,0,19191,19191
762,0,18973,18973
763,0,20929,20929
764,0,20480,20480
765,0,3482,3482
766,0,19918,19918
767,0,3639,3639
768,0,22703,22703
769,0,3437,3437
770,0,20695,20695
771,0,21629,21629
772,0,11774,11774
773,0,9740,9740
774,0,7224,7224
775,0,23362,23362
776,0,7047,7047
777,0,6647,6647
778,0,7980,7980
779,0,25684,25684
780,0,7860,7860
781,0,24729,24729
782,0,5092,5092
783,0,22035,22035
784,0,12976,12976
785,0,3906,3906
786,0,3679,3679
787,0,20651,20651
788,0,3562,3562
789,0,20603,20603
790,0,9833,9833
791,0,27922,27922
792,0,22359,22359
793,0,20873,20873
794,0,10476,10476
795,0,19671,19671
796,0,14873,14873
797,0,10612,10612
798,0,15426,15426
799,0,12551,12551
800,0,3349,3349
801,0,19956,19956
802,0,11880,11880
803,0,19943,19943
804,0,15327,15327
805,0,15358,15358
806,0,19475,19475
807,0,19839,19839
808,0,13249,13249
809,0,4109,4109
810,0,19841,19841
811,0,3505,3505
812,0,20130,20130
813,0,20721,20721
814,0,20050,20050
815,0,18589,18589
816,0,3542,3542
817,0,20314,20314
818,0,3545,3545
819,0,5635,5635
820,0,24599,24599
821,0,10263,10263
822,0,5076,5076
823,0,11716,11716
824,0,9062,9062
825,0,19153,19153
826,0,6781,6781
827,0,20060,20060
828,0,21023,21023
829,0,23847,23847
830,0,21183,21183
831,0,18620,18620
832,0,4473,4473
833,0,20458,20458
834,0,3855,3855
835,0,21797,21797
836,0,25404,25404
837,0,21941,21941
838,0,11266,11266
839,0,14394,14394
840,0,29715,29715
841,0,3593,3593
842,0,3869,3869
843,0,17201,17201
844,0,18657,18657
845,0,3986,3986
846,0,10312,10312
847,0,3525,3525
848,0,20153,20153
849,0,21133,21133
850,0,12863,12863
851,0,3515,3515
852,0,16049,16049
853,0,3617,3617
854,0,20390,20390
855,0,21582,21582
856,0,12969,12969
857,0,19481,19481
858,0,20805,20805
859,0,15725,15725
860,0,21088,21088
861,0,11942,11942
862,0,3354,3354
863,0,18988,18988
864,0,19740,19740
865,0,7945,7945
866,0,19167,19167
867,0,3868,3868
868,0,21439,21439
869,0,24868,24868
870,0,11086,11086
871,0,16459,16459
872,0,23015,23015
873,0,8023,8023
874,0,9810,9810
875,0,29692,29692
876,0,3516,3516
877,0,13444,13444
878,0,3754,3754
879,0,14788,14788
880,0,3443,3443
881,0,10890,10890
882,0,9886,9886
883,0,11642,11642
884,0,10440,10440
885,0,9461,9461
886,0,9519,9519
887,0,9683,9683
888,0,9705,9705
889,0,9523,9523
890,0,10891,10891
891,0,31962,31962
892,0,6455,6455
893,0,22694,22694
894,0,7500,7500
895,0,20335,20335
896,0,9399,9399
897,0,21666,21666
898,0,20935,20935
899,0,17373,17373
900,0,3604,3604
901,0,10424,10424
902,0,18918,18918
903,0,11259,11259
904,0,17652,17652
905,0,20307,20307
906,0,11015,11015
907,0,12943,12943
908,0,3506,3506
909,0,13990,13990
910,0,4180,4180
911,0,9054,9054
912,0,10773,10773
913,0,17905,17905
914,0,9897,9897
915,0,20086,20086
916,0,3586,3586
917,0,10680,10680
918,0,3543,3543
919,0,19571,19571
920,0,3576,3576
921,0,11345,11345
922,0,21827,21827
923,0,3704,3704
924,0,12314,12314
925,0,3568,3568
926,0,25249,25249
927,0,3864,3864
928,0,7908,7908
929,0,4821,4821
930,0,20319,20319
931,0,12463,12463
932,0,22657,22657
933,0,3962,3962
934,0,21999,21999
935,0,3478,3478
936,0,20419,20419
937,0,3655,3655
938,0,22473,22473
939,0,19797,19797
940,0,10415,10415
941,0,20276,20276
942,0,13820,13820
943,0,20621,20621
944,0,20954,20954
945,0,21355,21355
946,0,13656,13656
947,0,18020,18020
948,0,3788,3788
949,0,23174,23174
950,0,12693,12693
951,0,14736,14736
952,0,3587,3587
953,0,20282,20282
954,0,22040,22040
955,0,28948,28948
956,0,18895,18895
957,0,19716,19716
958,0,20307,20307
959,0,20864,20864
960,0,20936,20936
961,0,21117,21117
962,0,3571,3571
963,0,17420,17420
964,0,13310,13310
965,0,3855,3855
966,0,21337,21337
967,0,10124,10124
968,0,19507,19507
969,0,11629,11629
970,0,21432,21432
971,0,6760,6760
972,0,6844,6844
973,0,7191,7191
974,0,8575,8575
975,0,6664,6664
976,0,29447,29447
977,0,6807,6807
978,0,6403,6403
979,0,7187,7187
980,0,29805,29805
981,0,9242,9242
982,0,7239,7239
983,0,7563,7563
984,0,23489,23489
985,0,9203,9203
986,0,20209,20209
987,0,4101,4101
988,0,16091,16091
989,0,20921,20921
990,0,20649,20649
991,0,19759,19759
992,0,17432,17432
993,0,19207,19207
994,0,19333,19333
995,0,17900,17900
996,0,12138,12138
997,0,19476,19476
998,0,16076,16076
999,0,5772,5772
0,0,46521,46521
1,0,20246,20246
2,0,28550,28550
3,0,29105,29105
4,0,19013,19013
5,0,67700,67700
6,0,15476,15476
7,0,21682,21682
8,0,31635,31635
9,0,35140,35140
10,0,51884,51884
11,0,32018,32018
12,0,120738,120738
13,0,28186,28186
14,0,20887,20887
15,0,90404,90404
16,0,31048,31048
17,0,31731,31731
18,0,38738,38738
19,0,29176,29176
20,0,81670,81670
21,0,22988,22988
22,0,74575,74575
23,0,49835,49835
24,0,15172,15172
25,0,59208,59208
26,0,14296,14296
27,0,70045,70045
28,0,28388,28388
29,0,27524,27524
30,0,90827,90827
31,0,29987,29987
32,0,30663,30663
33,0,47301,47301
34,0,15167,15167
35,0,15215,15215
36,0,13777,13777
37,0,79390,79390
38,0,33147,33147
39,0,14577,14577
40,0,13890,13890
41,0,34679,34679
42,0,17627,17627
43,0,69713,69713
44,0,40296,40296
45,0,22615,22615
46,0,25282,25282
47,0,14500,14500
48,0,22443,22443
49,0,21929,21929
50,0,19366,19366
51,0,76848,76848
52,0,29173,29173
53,0,24359,24359
54,0,34163,34163
55,0,23608,23608
56,0,22913,22913
57,0,23881,23881
58,0,21907,21907
59,0,43218,43218
60,0,22771,22771
61,0,62450,62450
62,0,77091,77091
63,0,27874,27874
64,0,15349,15349
65,0,30247,30247
66,0,38834,38834
67,0,17132,17132
68,0,25137,25137
69,0,288967,288967
70,0,29845,29845
71,0,28347,28347
72,0,29743,29743
73,0,23774,23774
74,0,21991,21991
75,0,23033,23033
76,0,24401,24401
77,0,59197,59197
78,0,37933,37933
79,0,16566,16566
80,0,17900,17900
81,0,14438,14438
82,0,13701,13701
83,0,81756,81756
84,0,28498,28498
85,0,28731,28731
86,0,73945,73945
87,0,24137,24137
88,0,27605,27605
89,0,55020,55020
90,0,26892,26892
91,0,19807,19807
92,0,18000,18000
93,0,74875,74875
94,0,36077,36077
95,0,29133,29133
96,0,25568,25568
97,0,13913,13913
98,0,46728,46728
99,0,48423,48423
100,0,15664,15664
101,0,75827,75827
102,0,45424,45424
103,0,18655,18655
104,0,20392,20392
105,0,63867,63867
106,0,17171,17171
107,0,19219,19219
108,0,25128,25128
109,0,31469,31469
110,0,67208,67208
111,0,26446,26446
112,0,34077,34077
113,0,21836,21836
114,0,24396,24396
115,0,23191,23191
116,0,48782,48782
117,0,51415,51415
118,0,22634,22634
119,0,23751,23751
120,0,25590,25590
121,0,23592,23592
122,0,23146,23146
123,0,22369,22369
124,0,22517,22517
125,0,23045,23045
126,0,22215,22215
127,0,40738,40738
128,0,22738,22738
129,0,55488,55488
130,0,34775,34775
131,0,18550,18550
132,0,23739,23739
133,0,20100,20100
134,0,27158,27158
135,0,21818,21818
136,0,33534,33534
137,0,29934,29934
138,0,77102,77102
139,0,24151,24151
140,0,24917,24917
141,0,23158,23158
142,0,24107,24107
143,0,23492,23492
144,0,24978,24978
145,0,24480,24480
146,0,27550,27550
147,0,19365,19365
148,0,22520,22520
149,0,16402,16402
150,0,44691,44691
151,0,15235,15235
152,0,15142,15142
153,0,31401,31401
154,0,40908,40908
155,0,24322,24322
156,0,20321,20321
157,0,15678,15678
158,0,14375,14375
159,0,27604,27604
160,0,22628,22628
161,0,53355,53355
162,0,18762,18762
163,0,75372,75372
164,0,37572,37572
165,0,28170,28170
166,0,25333,25333
167,0,23844,23844
168,0,29450,29450
169,0,18859,18859
170,0,15459,15459
171,0,20042,20042
172,0,21154,21154
173,0,30873,30873
174,0,18252,18252
175,0,19811,19811
176,0,70561,70561
177,0,33834,33834
178,0,32003,32003
179,0,71278,71278
180,0,32715,32715
181,0,27856,27856
182,0,28481,28481
183,0,26280,26280
184,0,14106,14106
185,0,38925,38925
186,0,30200,30200
187,0,29644,29644
188,0,25372,25372
189,0,47459,47459
190,0,27013,27013
191,0,25971,25971
192,0,25973,25973
193,0,26074,26074
194,0,27877,27877
195,0,26725,26725
196,0,24351,24351
197,0,24404,24404
198,0,25037,25037
199,0,25193,25193
200,0,27290,27290
201,0,24911,24911
202,0,24810,24810
203,0,25030,25030
204,0,24800,24800
205,0,23628,23628
206,0,24852,24852
207,0,25254,25254
208,0,23506,23506
209,0,26140,26140
210,0,29770,29770
211,0,28821,28821
212,0,14402,14402
213,0,14467,14467
214,0,25268,25268
215,0,23208,23208
216,0,38690,38690
217,0,41944,41944
218,0,50912,50912
219,0,23699,23699
220,0,22291,22291
221,0,23893,23893
222,0,26049,26049
223,0,22178,22178
224,0,25196,25196
225,0,23845,23845
226,0,24565,24565
227,0,24549,24549
228,0,23574,23574
229,0,65812,65812
230,0,23931,23931
231,0,15423,15423
232,0,75235,75235
233,0,35664,35664
234,0,95658,95658
235,0,18615,18615
236,0,19618,19618
237,0,20127,20127
238,0,51323,51323
239,0,24170,24170
240,0,25505,25505
241,0,191043,191043
242,0,20016,20016
243,0,31913,31913
244,0,28128,28128
245,0,17904,17904
246,0,26323,26323
247,0,18657,18657
248,0,77340,77340
249,0,50771,50771
250,0,16599,16599
251,0,18096,18096
252,0,72224,72224
253,0,18854,18854
254,0,29256,29256
255,0,15062,15062
256,0,79743,79743
257,0,25277,25277
258,0,25328,25328
259,0,22774,22774
260,0,26332,26332
261,0,39388,39388
262,0,22453,22453
263,0,55415,55415
264,0,16909,16909
265,0,14395,14395
266,0,76018,76018
267,0,22443,22443
268,0,55590,55590
269,0,24477,24477
270,0,22842,22842
271,0,55875,55875
272,0,44832,44832
273,0,22407,22407
274,0,21918,21918
275,0,22428,22428
276,0,22022,22022
277,0,59270,59270
278,0,19564,19564
279,0,20186,20186
280,0,28024,28024
281,0,86815,86815
282,0,19166,19166
283,0,19941,19941
284,0,23035,23035
285,0,33441,33441
286,0,19818,19818
287,0,13731,13731
288,0,38471,38471
289,0,24120,24120
290,0,32156,32156
291,0,63218,63218
292,0,31227,31227
293,0,22479,22479
294,0,13921,13921
295,0,18465,18465
296,0,14933,14933
297,0,75852,75852
298,0,73326,73326
299,0,78527,78527
300,0,14231,14231
301,0,14745,14745
302,0,53390,53390
303,0,22229,22229
304,0,37550,37550
305,0,16653,16653
306,0,22971,22971
307,0,13626,13626
308,0,44638,44638
309,0,55871,55871
310,0,26581,26581
311,0,23643,23643
312,0,23602,23602
313,0,13398,13398
314,0,74552,74552
315,0,17408,17408
316,0,25368,25368
317,0,14369,14369
318,0,78852,78852
319,0,76018,76018
320,0,20915,20915
321,0,18487,18487
322,0,29241,29241
323,0,91902,91902
324,0,61245,61245
325,0,77166,77166
326,0,30733,30733
327,0,19470,19470
328,0,27426,27426
329,0,16894,16894
330,0,24958,24958
331,0,28715,28715
332,0,25739,25739
333,0,37425,37425
334,0,24603,24603
335,0,38056,38056
336,0,25009,25009
337,0,22701,22701
338,0,26974,26974
339,0,15363,15363
340,0,15036,15036
341,0,13957,13957
342,0,14233,14233
343,0,74901,74901
344,0,66561,66561
345,0,34662,34662
346,0,20043,20043
347,0,82608,82608
348,0,16822,16822
349,0,32359,32359
350,0,14078,14078
351,0,15477,15477
352,0,78486,78486
353,0,25539,25539
354,0,28171,28171
355,0,25815,25815
356,0,29038,29038
357,0,27460,27460
358,0,24957,24957
359,0,39965,39965
360,0,24308,24308
361,0,23779,23779
362,0,48748,48748
363,0,22718,22718
364,0,25074,25074
365,0,25343,25343
366,0,25392,25392
367,0,25159,25159
368,0,28131,28131
369,0,28247,28247
370,0,27189,27189
371,0,25064,25064
372,0,23243,23243
373,0,45134,45134
374,0,25204,25204
375,0,24376,24376
376,0,26531,26531
377,0,23306,23306
378,0,30871,30871
379,0,24938,24938
380,0,24624,24624
381,0,46254,46254
382,0,53777,53777
383,0,27613,27613
384,0,29143,29143
385,0,26852,26852
386,0,24683,24683
387,0,47292,47292
388,0,24405,24405
389,0,47978,47978
390,0,19219,19219
391,0,20153,20153
392,0,21836,21836
393,0,18948,18948
394,0,21232,21232
395,0,17874,17874
396,0,75412,75412
397,0,22259,22259
398,0,16203,16203
399,0,74447,74447
400,0,16089,16089
401,0,27944,27944
402,0,38748,38748
403,0,60635,60635
404,0,68169,68169
405,0,32233,32233
406,0,27814,27814
407,0,20500,20500
408,0,24210,24210
409,0,24946,24946
410,0,51531,51531
411,0,20961,20961
412,0,16576,16576
413,0,71346,71346
414,0,18705,18705
415,0,29505,29505
416,0,85399,85399
417,0,67882,67882
418,0,15624,15624
419,0,29525,29525
420,0,23788,23788
421,0,50579,50579
422,0,23136,23136
423,0,77081,77081
424,0,17198,17198
425,0,78514,78514
426,0,68311,68311
427,0,27903,27903
428,0,30274,30274
429,0,25312,25312
430,0,34889,34889
431,0,43595,43595
432,0,71269,71269
433,0,16032,16032
434,0,24355,24355
435,0,13580,13580
436,0,76058,76058
437,0,16713,16713
438,0,19203,19203
439,0,22302,22302
440,0,14627,14627
441,0,23158,23158
442,0,23818,23818
443,0,21267,21267
444,0,24253,24253
445,0,26058,26058
446,0,90382,90382
447,0,61889,61889
448,0,66489,66489
449,0,60648,60648
450,0,14167,14167
451,0,68492,68492
452,0,33198,33198
453,0,22428,22428
454,0,13632,13632
455,0,53637,53637
456,0,87349,87349
457,0,15630,15630
458,0,35648,35648
459,0,28431,28431
460,0,26669,26669
461,0,57437,57437
462,0,14906,14906
463,0,85685,85685
464,0,64524,64524
465,0,24648,24648
466,0,40416,40416
467,0,66065,66065
468,0,16108,16108
469,0,75667,75667
470,0,19082,19082
471,0,17631,17631
472,0,32250,32250
473,0,24990,24990
474,0,22055,22055
475,0,70624,70624
476,0,54200,54200
477,0,72363,72363
478,0,20896,20896
479,0,82427,82427
480,0,18081,18081
481,0,31673,31673
482,0,20964,20964
483,0,37078,37078
484,0,22929,22929
485,0,30135,30135
486,0,28385,28385
487,0,20579,20579
488,0,72154,72154
489,0,78962,78962
490,0,14909,14909
491,0,18934,18934
492,0,23441,23441
493,0,68183,68183
494,0,20134,20134
495,0,30285,30285
496,0,46108,46108
497,0,22067,22067
498,0,14303,14303
499,0,20572,20572
500,0,25814,25814
501,0,23124,23124
502,0,22927,22927
503,0,76748,76748
504,0,15797,15797
505,0,18849,18849
506,0,76562,76562
507,0,17702,17702
508,0,19752,19752
509,0,84064,84064
510,0,16760,16760
511,0,86678,86678
512,0,24189,24189
513,0,29388,29388
514,0,47584,47584
515,0,14258,14258
516,0,25662,25662
517,0,23785,23785
518,0,24481,24481
519,0,93300,93300
520,0,16440,16440
521,0,16047,16047
522,0,19880,19880
523,0,19872,19872
524,0,24640,24640
525,0,21806,21806
526,0,22780,22780
527,0,68182,68182
528,0,41819,41819
529,0,15654,15654
530,0,86583,86583
531,0,23325,23325
532,0,23068,23068
533,0,80974,80974
534,0,21358,21358
535,0,14733,14733
536,0,27627,27627
537,0,72336,72336
538,0,79941,79941
539,0,32347,32347
540,0,31842,31842
541,0,29767,29767
542,0,70162,70162
543,0,21641,21641
544,0,78466,78466
545,0,24116,24116
546,0,34375,34375
547,0,29085,29085
548,0,21883,21883
549,0,15029,15029
550,0,72490,72490
551,0,23712,23712
552,0,35424,35424
553,0,62280,62280
554,0,20244,20244
555,0,74452,74452
556,0,26468,26468
557,0,14342,14342
558,0,25561,25561
559,0,21226,21226
560,0,17708,17708
561,0,75497,75497
562,0,15562,15562
563,0,21118,21118
564,0,21276,21276
565,0,14174,14174
566,0,70602,70602
567,0,53942,53942
568,0,77517,77517
569,0,22523,22523
570,0,16095,16095
571,0,30410,30410
572,0,17522,17522
573,0,39270,39270
574,0,132053,132053
575,0,28588,28588
576,0,20773,20773
577,0,14872,14872
578,0,14655,14655
579,0,17254,17254
580,0,16998,16998
581,0,19387,19387
582,0,34951,34951
583,0,75418,75418
584,0,30351,30351
585,0,27289,27289
586,0,26122,26122
587,0,22621,22621
588,0,23745,23745
589,0,24112,24112
590,0,22828,22828
591,0,23252,23252
592,0,22373,22373
593,0,54251,54251
594,0,29051,29051
595,0,25088,25088
596,0,24424,24424
597,0,35368,35368
598,0,37057,37057
599,0,25662,25662
600,0,40429,40429
601,0,25524,25524
602,0,25298,25298
603,0,32524,32524
604,0,25658,25658
605,0,26100,26100
606,0,39561,39561
607,0,26015,26015
608,0,25349,25349
609,0,26004,26004
610,0,24989,24989
611,0,24635,24635
612,0,26270,26270
613,0,26995,26995
614,0,24545,24545
615,0,26494,26494
616,0,31058,31058
617,0,24959,24959
618,0,22938,22938
619,0,29977,29977
620,0,25873,25873
621,0,29719,29719
622,0,26133,26133
623,0,30686,30686
624,0,25700,25700
625,0,29669,29669
626,0,23999,23999
627,0,26192,26192
628,0,21920,21920
629,0,27703,27703
630,0,16415,16415
631,0,35793,35793
632,0,24905,24905
633,0,26477,26477
634,0,28190,28190
635,0,51164,51164
636,0,24382,24382
637,0,33947,33947
638,0,26378,26378
639,0,24557,24557
640,0,134182,134182
641,0,17878,17878
642,0,81562,81562
643,0,16287,16287
644,0,13813,13813
645,0,18259,18259
646,0,13984,13984
647,0,26091,26091
648,0,33239,33239
649,0,18010,18010
650,0,33055,33055
651,0,33639,33639
652,0,37387,37387
653,0,13631,13631
654,0,23417,23417
655,0,34421,34421
656,0,29780,29780
657,0,31184,31184
658,0,29131,29131
659,0,13333,13333
660,0,31667,31667
661,0,22853,22853
662,0,19945,19945
663,0,13173,13173
664,0,23619,23619
665,0,77660,77660
666,0,21922,21922
667,0,35686,35686
668,0,22326,22326
669,0,31942,31942
670,0,16195,16195
671,0,25148,25148
672,0,23901,23901
673,0,19589,19589
674,0,24655,24655
675,0,20254,20254
676,0,68030,68030
677,0,20969,20969
678,0,26287,26287
679,0,14638,14638
680,0,19448,19448
681,0,14376,14376
682,0,18437,18437
683,0,56133,56133
684,0,19301,19301
685,0,77376,77376
686,0,21060,21060
687,0,17561,17561
688,0,65925,65925
689,0,66501,66501
690,0,20912,20912
691,0,15104,15104
692,0,67137,67137
693,0,18621,18621
694,0,26495,26495
695,0,93304,93304
696,0,22315,22315
697,0,24509,24509
698,0,14321,14321
699,0,27870,27870
700,0,35954,35954
701,0,13183,13183
702,0,30443,30443
703,0,33849,33849
704,0,14051,14051
705,0,76261,76261
706,0,78310,78310
707,0,18841,18841
708,0,30130,30130
709,0,28098,28098
710,0,55328,55328
711,0,35475,35475
712,0,29840,29840
713,0,14898,14898
714,0,24634,24634
715,0,42906,42906
716,0,77443,77443
717,0,23027,23027
718,0,13477,13477
719,0,27838,27838
720,0,68282,68282
721,0,13759,13759
722,0,27533,27533
723,0,30562,30562
724,0,23126,23126
725,0,21888,21888
726,0,22699,22699
727,0,23863,23863
728,0,21797,21797
729,0,65538,65538
730,0,58428,58428
731,0,14201,14201
732,0,73280,73280
733,0,16622,16622
734,0,16987,16987
735,0,13743,13743
736,0,14445,14445
737,0,78682,78682
738,0,50787,50787
739,0,15524,15524
740,0,13925,13925
741,0,72759,72759
742,0,31323,31323
743,0,15565,15565
744,0,23618,23618
745,0,19068,19068
746,0,38551,38551
747,0,25958,25958
748,0,80016,80016
749,0,188530,188530
750,0,32128,32128
751,0,27568,27568
752,0,30459,30459
753,0,25137,25137
754,0,25084,25084
755,0,23944,23944
756,0,25002,25002
757,0,32237,32237
758,0,23416,23416
759,0,23506,23506
760,0,24125,24125
761,0,24797,24797
762,0,48275,48275
763,0,23000,23000
764,0,24482,24482
765,0,28266,28266
766,0,28299,28299
767,0,37466,37466
768,0,20858,20858
769,0,24845,24845
770,0,27541,27541
771,0,23520,23520
772,0,23777,23777
773,0,24039,24039
774,0,43089,43089
775,0,23742,23742
776,0,24124,24124
777,0,26925,26925
778,0,22753,22753
779,0,58015,58015
780,0,32207,32207
781,0,23512,23512
782,0,24011,24011
783,0,24114,24114
784,0,23531,23531
785,0,24100,24100
786,0,25002,25002
787,0,24547,24547
788,0,39703,39703
789,0,43190,43190
790,0,25427,25427
791,0,31051,31051
792,0,37779,37779
793,0,40746,40746
794,0,24295,24295
795,0,38077,38077
796,0,36390,36390
797,0,23085,23085
798,0,24999,24999
799,0,24552,24552
800,0,24572,24572
801,0,54546,54546
802,0,28498,28498
803,0,28693,28693
804,0,32983,32983
805,0,24633,24633
806,0,24032,24032
807,0,67057,67057
808,0,18430,18430
809,0,15870,15870
810,0,31704,31704
811,0,21598,21598
812,0,14320,14320
813,0,76581,76581
814,0,30598,30598
815,0,24662,24662
816,0,35829,35829
817,0,24696,24696
818,0,58247,58247
819,0,15073,15073
820,0,81549,81549
821,0,26236,26236
822,0,54041,54041
823,0,25449,25449
824,0,23830,23830
825,0,25138,25138
826,0,23386,23386
827,0,23489,23489
828,0,24612,24612
829,0,23020,23020
830,0,41624,41624
831,0,43886,43886
832,0,35613,35613
833,0,32986,32986
834,0,76944,76944
835,0,29290,29290
836,0,48493,48493
837,0,31238,31238
838,0,28219,28219
839,0,27679,27679
840,0,32805,32805
841,0,28423,28423
842,0,24406,24406
843,0,23056,23056
844,0,17616,17616
845,0,14766,14766
846,0,43848,43848
847,0,20229,20229
848,0,32414,32414
849,0,18385,18385
850,0,23630,23630
851,0,22641,22641
852,0,16077,16077
853,0,34515,34515
854,0,77014,77014
855,0,27529,27529
856,0,28413,28413
857,0,19472,19472
858,0,67563,67563
859,0,44507,44507
860,0,74804,74804
861,0,24118,24118
862,0,22946,22946
863,0,21849,21849
864,0,23731,23731
865,0,23979,23979
866,0,22755,22755
867,0,44921,44921
868,0,22890,22890
869,0,22805,22805
870,0,22861,22861
871,0,22426,22426
872,0,22922,22922
873,0,23874,23874
874,0,66098,66098
875,0,15849,15849
876,0,14763,14763
877,0,69493,69493
878,0,62104,62104
879,0,15976,15976
880,0,28463,28463
881,0,33436,33436
882,0,82524,82524
883,0,23801,23801
884,0,22882,22882
885,0,24004,24004
886,0,48091,48091
887,0,16023,16023
888,0,14699,14699
889,0,15958,15958
890,0,17071,17071
891,0,43700,43700
892,0,76271,76271
893,0,29068,29068
894,0,40104,40104
895,0,13731,13731
896,0,35329,35329
897,0,64214,64214
898,0,22879,22879
899,0,19466,19466
900,0,60212,60212
901,0,29412,29412
902,0,13496,13496
903,0,16915,16915
904,0,20953,20953
905,0,13866,13866
906,0,24603,24603
907,0,36497,36497
908,0,13581,13581
909,0,39402,39402
910,0,76000,76000
911,0,14907,14907
912,0,28650,28650
913,0,47515,47515
914,0,22654,22654
915,0,50411,50411
916,0,31822,31822
917,0,22803,22803
918,0,207594,207594
919,0,20182,20182
920,0,24603,24603
921,0,16124,16124
922,0,76012,76012
923,0,25205,25205
924,0,30204,30204
925,0,22487,22487
926,0,23017,23017
927,0,32870,32870
928,0,37864,37864
929,0,21681,21681
930,0,15664,15664
931,0,53764,53764
932,0,28455,28455
933,0,78884,78884
934,0,20390,20390
935,0,16132,16132
936,0,18056,18056
937,0,15752,15752
938,0,15709,15709
939,0,19701,19701
940,0,19711,19711
941,0,14141,14141
942,0,14230,14230
943,0,15182,15182
944,0,13782,13782
945,0,13911,13911
946,0,30831,30831
947,0,34151,34151
948,0,14310,14310
949,0,14162,14162
950,0,34381,34381
951,0,13604,13604
952,0,20250,20250
953,0,14453,14453
954,0,33355,33355
955,0,13563,13563
956,0,21444,21444
957,0,15604,15604
958,0,14847,14847
959,0,14349,14349
960,0,13648,13648
961,0,43612,43612
962,0,14915,14915
963,0,28117,28117
964,0,18090,18090
965,0,17004,17004
966,0,19364,19364
967,0,52956,52956
968,0,17492,17492
969,0,22349,22349
970,0,27590,27590
971,0,14739,14739
972,0,16991,16991
973,0,21818,21818
974,0,14022,14022
975,0,14229,14229
976,0,21052,21052
977,0,24273,24273
978,0,22266,22266
979,0,16349,16349
980,0,23135,23135
981,0,16425,16425
982,0,28280,28280
983,0,26533,26533
984,0,31045,31045
985,0,21249,21249
986,0,27502,27502
987,0,18217,18217
988,0,29600,29600
989,0,24921,24921
990,0,26686,26686
991,0,28019,28019
992,0,14307,14307
993,0,22914,22914
994,0,22924,22924
995,0,25690,25690
996,0,29615,29615
997,0,17032,17032
998,0,27081,27081
999,0,27584,27584
0,0,72127,72127
1,0,46634,46634
2,0,69634,69634
3,0,40490,40490
4,0,27729,27729
5,0,27659,27659
6,0,89273,89273
7,0,42365,42365
8,0,53817,53817
9,0,53155,53155
10,0,52400,52400
11,0,33466,33466
12,0,33727,33727
13,0,32572,32572
14,0,26960,26960
15,0,32521,32521
16,0,45963,45963
17,0,93000,93000
18,0,28882,28882
19,0,28140,28140
20,0,27301,27301
21,0,27924,27924
22,0,53705,53705
23,0,49229,49229
24,0,48086,48086
25,0,45902,45902
26,0,50982,50982
27,0,52452,52452
28,0,50469,50469
29,0,48976,48976
30,0,54114,54114
31,0,51924,51924
32,0,99500,99500
33,0,57357,57357
34,0,47371,47371
35,0,54211,54211
36,0,28302,28302
37,0,52551,52551
38,0,59893,59893
39,0,26813,26813
40,0,335969,335969
41,0,34592,34592
42,0,54493,54493
43,0,47747,47747
44,0,53031,53031
45,0,33987,33987
46,0,33468,33468
47,0,51017,51017
48,0,52521,52521
49,0,44522,44522
50,0,82609,82609
51,0,32937,32937
52,0,77400,77400
53,0,47927,47927
54,0,88714,88714
55,0,45305,45305
56,0,52307,52307
57,0,44968,44968
58,0,28201,28201
59,0,30753,30753
60,0,41056,41056
61,0,38726,38726
62,0,62474,62474
63,0,60513,60513
64,0,56574,56574
65,0,38226,38226
66,0,35490,35490
67,0,122290,122290
68,0,35847,35847
69,0,47874,47874
70,0,49390,49390
71,0,76753,76753
72,0,49995,49995
73,0,29618,29618
74,0,43622,43622
75,0,44751,44751
76,0,44623,44623
77,0,36927,36927
78,0,89603,89603
79,0,38535,38535
80,0,27906,27906
81,0,27713,27713
82,0,27013,27013
83,0,88635,88635
84,0,51607,51607
85,0,60699,60699
86,0,57692,57692
87,0,34650,34650
88,0,53656,53656
89,0,55025,55025
90,0,60842,60842
91,0,38890,38890
92,0,27033,27033
93,0,26918,26918
94,0,59879,59879
95,0,49052,49052
96,0,29681,29681
97,0,80047,80047
98,0,54369,54369
99,0,30518,30518
100,0,48210,48210
101,0,27196,27196
102,0,48980,48980
103,0,53118,53118
104,0,45410,45410
105,0,56803,56803
106,0,26713,26713
107,0,74505,74505
108,0,31533,31533
109,0,26451,26451
110,0,47626,47626
111,0,38251,38251
112,0,37188,37188
113,0,27063,27063
114,0,54470,54470
115,0,62141,62141
116,0,47881,47881
117,0,50469,50469
118,0,48676,48676
119,0,46669,46669
120,0,88073,88073
121,0,54860,54860
122,0,49753,49753
123,0,48015,48015
124,0,27984,27984
125,0,28733,28733
126,0,53680,53680
127,0,51383,51383
128,0,47762,47762
129,0,51336,51336
130,0,52267,52267
131,0,47777,47777
132,0,50003,50003
133,0,320419,320419
134,0,38458,38458
135,0,30129,30129
136,0,42996,42996
137,0,66762,66762
138,0,86798,86798
139,0,33980,33980
140,0,33899,33899
141,0,91284,91284
142,0,93275,93275
143,0,36304,36304
144,0,35818,35818
145,0,33812,33812
146,0,31574,31574
147,0,97705,97705
148,0,54197,54197
149,0,83727,83727
150,0,51907,51907
151,0,49187,49187
152,0,35032,35032
153,0,36080,36080
154,0,28919,28919
155,0,82643,82643
156,0,35156,35156
157,0,29158,29158
158,0,31550,31550
159,0,28366,28366
160,0,27524,27524
161,0,88958,88958
162,0,29050,29050
163,0,44766,44766
164,0,32412,32412
165,0,28582,28582
166,0,27494,27494
167,0,27583,27583
168,0,38493,38493
169,0,38750,38750
170,0,50998,50998
171,0,47242,47242
172,0,31793,31793
173,0,27780,27780
174,0,38193,38193
175,0,31559,31559
176,0,34450,34450
177,0,90494,90494
178,0,72305,72305
179,0,80626,80626
180,0,88596,88596
181,0,66376,66376
182,0,92038,92038
183,0,36718,36718
184,0,35438,35438
185,0,44726,44726
186,0,46423,46423
187,0,27295,27295
188,0,42867,42867
189,0,103431,103431
190,0,47676,47676
191,0,43279,43279
192,0,28546,28546
193,0,46902,46902
194,0,30336,30336
195,0,32338,32338
196,0,44416,44416
197,0,34465,34465
198,0,80846,80846
199,0,64998,64998
200,0,32115,32115
201,0,52953,52953
202,0,35765,35765
203,0,85018,85018
204,0,75637,75637
205,0,102354,102354
206,0,59382,59382
207,0,52179,52179
208,0,33810,33810
209,0,31614,31614
210,0,32638,32638
211,0,27328,27328
212,0,26533,26533
213,0,34569,34569
214,0,28334,28334
215,0,31588,31588
216,0,32249,32249
217,0,86631,86631
218,0,31002,31002
219,0,86204,86204
220,0,97316,97316
221,0,43820,43820
222,0,168865,168865
223,0,29490,29490
224,0,87271,87271
225,0,75704,75704
226,0,88216,88216
227,0,35827,35827
228,0,26532,26532
229,0,27499,27499
230,0,27634,27634
231,0,108705,108705
232,0,90380,90380
233,0,48719,48719
234,0,42884,42884
235,0,28465,28465
236,0,27914,27914
237,0,57589,57589
238,0,28451,28451
239,0,33382,33382
240,0,35168,35168
241,0,27906,27906
242,0,41073,41073
243,0,28219,28219
244,0,65982,65982
245,0,50204,50204
246,0,30446,30446
247,0,29517,29517
248,0,28370,28370
249,0,27137,27137
250,0,26536,26536
251,0,26597,26597
252,0,72554,72554
253,0,49852,49852
254,0,49511,49511
255,0,55132,55132
256,0,28406,28406
257,0,32795,32795
258,0,95036,95036
259,0,93617,93617
260,0,34208,34208
261,0,90173,90173
262,0,28020,28020
263,0,33685,33685
264,0,91609,91609
265,0,50864,50864
266,0,34771,34771
267,0,48578,48578
268,0,49778,49778
269,0,49342,49342
270,0,49087,49087
271,0,47960,47960
272,0,48812,48812
273,0,54599,54599
274,0,48565,48565
275,0,56364,56364
276,0,48330,48330
277,0,56583,56583
278,0,47660,47660
279,0,48084,48084
280,0,47696,47696
281,0,49756,49756
282,0,37025,37025
283,0,49397,49397
284,0,48606,48606
285,0,51812,51812
286,0,47919,47919
287,0,48707,48707
288,0,47151,47151
289,0,50018,50018
290,0,38622,38622
291,0,62190,62190
292,0,48904,48904
293,0,37119,37119
294,0,33418,33418
295,0,27956,27956
296,0,51163,51163
297,0,48816,48816
298,0,29277,29277
299,0,27556,27556
300,0,27256,27256
301,0,36010,36010
302,0,85026,85026
303,0,52451,52451
304,0,57018,57018
305,0,37183,37183
306,0,62948,62948
307,0,65750,65750
308,0,46930,46930
309,0,34572,34572
310,0,27412,27412
311,0,30245,30245
312,0,53394,53394
313,0,45515,45515
314,0,362103,362103
315,0,30276,30276
316,0,49564,49564
317,0,49106,49106
318,0,28389,28389
319,0,99564,99564
320,0,33338,33338
321,0,50495,50495
322,0,27330,27330
323,0,28073,28073
324,0,41295,41295
325,0,26386,26386
326,0,37930,37930
327,0,33522,33522
328,0,34343,34343
329,0,32038,32038
330,0,79037,79037
331,0,56815,56815
332,0,48918,48918
333,0,42117,42117
334,0,79884,79884
335,0,45848,45848
336,0,31717,31717
337,0,28943,28943
338,0,30713,30713
339,0,36877,36877
340,0,33169,33169
341,0,61036,61036
342,0,26836,26836
343,0,38634,38634
344,0,27173,27173
345,0,99598,99598
346,0,47024,47024
347,0,50103,50103
348,0,105487,105487
349,0,64498,64498
350,0,86989,86989
351,0,91148,91148
352,0,45505,45505
353,0,28495,28495
354,0,37910,37910
355,0,32167,32167
356,0,27777,27777
357,0,110007,110007
358,0,57739,57739
359,0,46583,46583
360,0,31978,31978
361,0,44845,44845
362,0,57204,57204
363,0,53623,53623
364,0,49878,49878
365,0,35980,35980
366,0,50536,50536
367,0,33430,33430
368,0,39475,39475
369,0,39942,39942
370,0,49575,49575
371,0,77567,77567
372,0,46977,46977
373,0,48521,48521
374,0,45781,45781
375,0,87533,87533
376,0,57817,57817
377,0,46062,46062
378,0,28538,28538
379,0,46181,46181
380,0,70886,70886
381,0,73543,73543
382,0,32843,32843
383,0,29288,29288
384,0,49254,49254
385,0,44445,44445
386,0,47976,47976
387,0,28402,28402
388,0,54134,54134
389,0,89886,89886
390,0,62301,62301
391,0,44642,44642
392,0,36398,36398
393,0,89861,89861
394,0,45205,45205
395,0,48177,48177
396,0,26889,26889
397,0,28910,28910
398,0,27390,27390
399,0,90334,90334
400,0,44915,44915
401,0,46563,46563
402,0,33639,33639
403,0,52191,52191
404,0,183630,183630
405,0,67112,67112
406,0,54241,54241
407,0,50228,50228
408,0,47717,47717
409,0,47805,47805
410,0,46919,46919
411,0,163148,163148
412,0,48423,48423
413,0,52387,52387
414,0,54763,54763
415,0,61864,61864
416,0,69655,69655
417,0,67005,67005
418,0,52075,52075
419,0,45827,45827
420,0,74847,74847
421,0,47113,47113
422,0,45978,45978
423,0,47907,47907
424,0,51654,51654
425,0,53106,53106
426,0,54454,54454
427,0,58984,58984
428,0,68678,68678
429,0,53152,53152
430,0,32656,32656
431,0,32030,32030
432,0,29702,29702
433,0,29508,29508
434,0,63242,63242
435,0,48133,48133
436,0,51895,51895
437,0,49329,49329
438,0,47956,47956
439,0,78235,78235
440,0,68493,68493
441,0,88762,88762
442,0,67910,67910
443,0,48332,48332
444,0,33106,33106
445,0,43620,43620
446,0,49024,49024
447,0,47705,47705
448,0,47768,47768
449,0,66387,66387
450,0,49894,49894
451,0,46862,46862
452,0,159882,159882
453,0,48832,48832
454,0,48056,48056
455,0,49373,49373
456,0,35203,35203
457,0,49137,49137
458,0,55568,55568
459,0,50130,50130
460,0,48865,48865
461,0,47761,47761
462,0,47301,47301
463,0,66610,66610
464,0,48903,48903
465,0,35204,35204
466,0,56571,56571
467,0,29072,29072
468,0,33937,33937
469,0,45949,45949
470,0,48963,48963
471,0,49942,49942
472,0,80283,80283
473,0,55275,55275
474,0,49172,49172
475,0,57070,57070
476,0,32295,32295
477,0,30670,30670
478,0,29874,29874
479,0,27444,27444
480,0,84350,84350
481,0,48518,48518
482,0,49367,49367
483,0,28414,28414
484,0,51635,51635
485,0,50235,50235
486,0,64120,64120
487,0,53391,53391
488,0,47661,47661
489,0,50674,50674
490,0,46715,46715
491,0,27676,27676
492,0,28038,28038
493,0,27379,27379
494,0,32532,32532
495,0,53973,53973
496,0,34247,34247
497,0,40069,40069
498,0,54227,54227
499,0,56899,56899
500,0,29400,29400
501,0,28186,28186
502,0,49945,49945
503,0,49874,49874
504,0,28018,28018
505,0,31051,31051
506,0,51896,51896
507,0,52326,52326
508,0,52048,52048
509,0,50678,50678
510,0,59083,59083
511,0,48879,48879
512,0,51236,51236
513,0,49692,49692
514,0,47458,47458
515,0,47704,47704
516,0,47140,47140
517,0,48452,48452
518,0,61676,61676
519,0,47350,47350
520,0,47073,47073
521,0,46254,46254
522,0,45714,45714
523,0,49030,49030
524,0,50354,50354
525,0,47723,47723
526,0,73849,73849
527,0,55448,55448
528,0,61161,61161
529,0,47711,47711
530,0,46582,46582
531,0,50131,50131
532,0,51633,51633
533,0,46983,46983
534,0,47675,47675
535,0,57096,57096
536,0,46281,46281
537,0,46614,46614
538,0,48814,48814
539,0,58427,58427
540,0,46971,46971
541,0,57605,57605
542,0,47317,47317
543,0,50769,50769
544,0,47965,47965
545,0,47374,47374
546,0,48754,48754
547,0,46373,46373
548,0,46501,46501
549,0,56392,56392
550,0,47236,47236
551,0,47391,47391
552,0,48173,48173
553,0,51401,51401
554,0,48051,48051
555,0,47541,47541
556,0,47908,47908
557,0,47919,47919
558,0,50389,50389
559,0,48709,48709
560,0,46490,46490
561,0,47671,47671
562,0,47111,47111
563,0,46131,46131
564,0,57446,57446
565,0,48692,48692
566,0,47534,47534
567,0,47808,47808
568,0,95059,95059
569,0,35951,35951
570,0,35008,35008
571,0,48879,48879
572,0,52148,52148
573,0,30722,30722
574,0,28836,28836
575,0,34525,34525
576,0,45958,45958
577,0,77432,77432
578,0,35265,35265
579,0,36877,36877
580,0,89594,89594
581,0,87557,87557
582,0,237455,237455
583,0,42675,42675
584,0,35741,35741
585,0,29207,29207
586,0,30941,30941
587,0,29164,29164
588,0,66161,66161
589,0,34146,34146
590,0,26736,26736
591,0,28017,28017
592,0,37272,37272
593,0,38273,38273
594,0,40748,40748
595,0,45970,45970
596,0,34012,34012
597,0,27858,27858
598,0,27689,27689
599,0,77275,77275
600,0,94138,94138
601,0,62358,62358
602,0,27900,27900
603,0,51489,51489
604,0,46411,46411
605,0,35895,35895
606,0,33370,33370
607,0,26896,26896
608,0,50219,50219
609,0,41639,41639
610,0,31455,31455
611,0,30696,30696
612,0,28198,28198
613,0,45400,45400
614,0,36786,36786
615,0,28713,28713
616,0,28209,28209
617,0,70067,70067
618,0,51765,51765
619,0,53296,53296
620,0,70265,70265
621,0,48738,48738
622,0,43903,43903
623,0,54906,54906
624,0,84270,84270
625,0,46133,46133
626,0,55193,55193
627,0,32913,32913
628,0,43157,43157
629,0,37917,37917
630,0,33092,33092
631,0,33004,33004
632,0,37812,37812
633,0,34354,34354
634,0,35634,35634
635,0,33710,33710
636,0,37336,37336
637,0,57161,57161
638,0,34195,34195
639,0,39571,39571
640,0,28038,28038
641,0,34336,34336
642,0,32990,32990
643,0,59983,59983
644,0,54220,54220
645,0,48621,48621
646,0,51947,51947
647,0,49452,49452
648,0,52345,52345
649,0,45693,45693
650,0,48468,48468
651,0,29846,29846
652,0,77818,77818
653,0,47710,47710
654,0,47678,47678
655,0,48962,48962
656,0,47591,47591
657,0,46988,46988
658,0,52723,52723
659,0,48745,48745
660,0,30769,30769
661,0,56442,56442
662,0,35933,35933
663,0,48808,48808
664,0,47253,47253
665,0,48557,48557
666,0,30739,30739
667,0,48310,48310
668,0,46973,46973
669,0,47947,47947
670,0,55584,55584
671,0,29650,29650
672,0,178166,178166
673,0,55024,55024
674,0,33377,33377
675,0,32471,32471
676,0,34109,34109
677,0,53690,53690
678,0,31221,31221
679,0,91936,91936
680,0,46098,46098
681,0,86156,86156
682,0,31138,31138
683,0,30204,30204
684,0,36727,36727
685,0,43637,43637
686,0,38143,38143
687,0,49711,49711
688,0,34774,34774
689,0,103448,103448
690,0,49780,49780
691,0,32532,32532
692,0,30683,30683
693,0,82601,82601
694,0,79593,79593
695,0,51068,51068
696,0,28162,28162
697,0,39256,39256
698,0,44925,44925
699,0,37519,37519
700,0,28538,28538
701,0,33095,33095
702,0,53077,53077
703,0,83970,83970
704,0,53012,53012
705,0,32858,32858
706,0,30730,30730
707,0,28619,28619
708,0,81522,81522
709,0,51349,51349
710,0,83917,83917
711,0,83785,83785
712,0,47179,47179
713,0,29563,29563
714,0,32728,32728
715,0,27563,27563
716,0,50707,50707
717,0,69308,69308
718,0,78384,78384
719,0,99609,99609
720,0,28113,28113
721,0,35868,35868
722,0,28623,28623
723,0,84696,84696
724,0,34149,34149
725,0,38770,38770
726,0,88318,88318
727,0,36095,36095
728,0,30048,30048
729,0,77567,77567
730,0,42756,42756
731,0,31323,31323
732,0,31276,31276
733,0,38793,38793
734,0,32494,32494
735,0,30095,30095
736,0,40828,40828
737,0,36989,36989
738,0,32382,32382
739,0,30408,30408
740,0,87311,87311
741,0,37143,37143
742,0,54521,54521
743,0,51719,51719
744,0,46700,46700
745,0,49126,49126
746,0,49398,49398
747,0,30169,30169
748,0,47673,47673
749,0,84633,84633
750,0,36591,36591
751,0,46481,46481
752,0,49349,49349
753,0,29456,29456
754,0,27774,27774
755,0,28119,28119
756,0,39873,39873
757,0,28893,28893
758,0,34075,34075
759,0,90275,90275
760,0,30740,30740
761,0,31585,31585
762,0,211048,211048
763,0,34912,34912
764,0,34964,34964
765,0,28627,28627
766,0,29214,29214
767,0,27188,27188
768,0,27311,27311
769,0,46918,46918
770,0,80515,80515
771,0,39078,39078
772,0,73308,73308
773,0,48515,48515
774,0,30346,30346
775,0,55842,55842
776,0,30482,30482
777,0,42035,42035
778,0,35425,35425
779,0,34458,34458
780,0,28359,28359
781,0,94892,94892
782,0,33634,33634
783,0,88715,88715
784,0,36166,36166
785,0,28564,28564
786,0,40714,40714
787,0,35863,35863
788,0,41679,41679
789,0,96483,96483
790,0,28418,28418
791,0,97244,97244
792,0,85862,85862
793,0,35773,35773
794,0,95096,95096
795,0,40853,40853
796,0,28990,28990
797,0,89549,89549
798,0,107567,107567
799,0,46054,46054
800,0,54572,54572
801,0,27579,27579
802,0,110331,110331
803,0,102755,102755
804,0,58509,58509
805,0,36957,36957
806,0,44109,44109
807,0,33474,33474
808,0,36992,36992
809,0,29107,29107
810,0,91671,91671
811,0,89940,89940
812,0,89451,89451
813,0,32566,32566
814,0,26411,26411
815,0,45160,45160
816,0,36453,36453
817,0,52172,52172
818,0,30614,30614
819,0,84341,84341
820,0,34608,34608
821,0,43105,43105
822,0,33375,33375
823,0,36589,36589
824,0,29678,29678
825,0,95472,95472
826,0,39375,39375
827,0,81401,81401
828,0,87692,87692
829,0,30111,30111
830,0,29333,29333
831,0,31408,31408
832,0,31147,31147
833,0,28935,28935
834,0,98797,98797
835,0,30521,30521
836,0,29543,29543
837,0,35160,35160
838,0,29357,29357
839,0,27949,27949
840,0,34556,34556
841,0,94171,94171
842,0,88184,88184
843,0,90104,90104
844,0,37376,37376
845,0,94359,94359
846,0,87072,87072
847,0,35916,35916
848,0,82220,82220
849,0,44471,44471
850,0,34199,34199
851,0,32333,32333
852,0,86892,86892
853,0,88691,88691
854,0,64310,64310
855,0,32532,32532
856,0,49020,49020
857,0,43771,43771
858,0,75977,75977
859,0,91364,91364
860,0,54603,54603
861,0,67890,67890
862,0,27482,27482
863,0,46380,46380
864,0,31713,31713
865,0,53811,53811
866,0,43894,43894
867,0,100011,100011
868,0,38286,38286
869,0,33944,33944
870,0,85139,85139
871,0,45239,45239
872,0,30171,30171
873,0,50143,50143
874,0,35188,35188
875,0,29444,29444
876,0,36539,36539
877,0,34134,34134
878,0,27820,27820
879,0,119875,119875
880,0,61688,61688
881,0,97581,97581
882,0,41719,41719
883,0,43986,43986
884,0,40031,40031
885,0,36758,36758
886,0,40909,40909
887,0,31455,31455
888,0,29697,29697
889,0,30226,30226
890,0,30737,30737
891,0,42111,42111
892,0,33590,33590
893,0,31146,31146
894,0,91861,91861
895,0,35254,35254
896,0,29496,29496
897,0,28892,28892
898,0,28228,28228
899,0,31952,31952
900,0,27366,27366
901,0,72873,72873
902,0,34178,34178
903,0,35717,35717
904,0,29549,29549
905,0,29251,29251
906,0,68026,68026
907,0,83730,83730
908,0,35496,35496
909,0,34244,34244
910,0,72499,72499
911,0,30278,30278
912,0,28653,28653
913,0,28235,28235
914,0,27970,27970
915,0,35759,35759
916,0,33668,33668
917,0,105301,105301
918,0,30686,30686
919,0,28032,28032
920,0,32410,32410
921,0,40648,40648
922,0,40726,40726
923,0,87293,87293
924,0,33096,33096
925,0,29553,29553
926,0,98617,98617
927,0,70093,70093
928,0,97707,97707
929,0,31771,31771
930,0,34861,34861
931,0,27887,27887
932,0,69624,69624
933,0,49263,49263
934,0,31666,31666
935,0,66733,66733
936,0,33583,33583
937,0,51877,51877
938,0,59770,59770
939,0,95362,95362
940,0,95787,95787
941,0,28181,28181
942,0,92096,92096
943,0,46935,46935
944,0,342313,342313
945,0,32469,32469
946,0,35028,35028
947,0,27548,27548
948,0,31110,31110
949,0,43826,43826
950,0,59083,59083
951,0,28461,28461
952,0,94725,94725
953,0,35419,35419
954,0,50619,50619
955,0,32274,32274
956,0,28622,28622
957,0,29544,29544
958,0,33932,33932
959,0,29095,29095
960,0,28014,28014
961,0,28548,28548
962,0,96803,96803
963,0,62238,62238
964,0,31087,31087
965,0,30278,30278
966,0,27901,27901
967,0,70515,70515
968,0,67123,67123
969,0,56911,56911
970,0,45553,45553
971,0,46860,46860
972,0,47077,47077
973,0,46184,46184
974,0,45410,45410
975,0,47782,47782
976,0,53180,53180
977,0,31071,31071
978,0,78136,78136
979,0,48483,48483
980,0,48916,48916
981,0,47574,47574
982,0,49753,49753
983,0,44431,44431
984,0,34967,34967
985,0,34873,34873
986,0,28526,28526
987,0,28207,28207
988,0,90051,90051
989,0,71135,71135
990,0,49849,49849
991,0,72989,72989
992,0,49528,49528
993,0,48710,48710
994,0,34842,34842
995,0,55166,55166
996,0,63675,63675
997,0,62500,62500
998,0,49410,49410
999,0,68906,68906
0,0,257498,257498
1,0,382975,382975
2,0,624378,624378
3,0,231895,231895
4,0,223704,223704
5,0,225587,225587
6,0,379825,379825
7,0,382064,382064
8,0,254236,254236
9,0,243532,243532
10,0,231266,231266
11,0,510043,510043
12,0,243051,243051
13,0,405626,405626
14,0,221632,221632
15,0,219696,219696
16,0,216674,216674
17,0,219288,219288
18,0,219023,219023
19,0,217146,217146
20,0,220443,220443
21,0,390284,390284
22,0,223037,223037
23,0,223960,223960
24,0,226357,226357
25,0,215642,215642
26,0,218569,218569
27,0,224261,224261
28,0,213884,213884
29,0,221226,221226
30,0,217191,217191
31,0,217219,217219
32,0,236219,236219
33,0,217057,217057
34,0,252624,252624
35,0,215805,215805
36,0,229627,229627
37,0,373421,373421
38,0,362841,362841
39,0,227471,227471
40,0,369608,369608
41,0,221860,221860
42,0,219539,219539
43,0,227021,227021
44,0,221542,221542
45,0,230298,230298
46,0,229443,229443
47,0,236775,236775
48,0,220832,220832
49,0,432199,432199
50,0,218968,218968
51,0,225443,225443
52,0,225527,225527
53,0,226992,226992
54,0,217709,217709
55,0,217340,217340
56,0,216510,216510
57,0,229730,229730
58,0,397580,397580
59,0,231659,231659
60,0,226147,226147
61,0,215086,215086
62,0,221443,221443
63,0,217860,217860
64,0,221356,221356
65,0,214787,214787
66,0,216961,216961
67,0,490779,490779
68,0,261310,261310
69,0,218593,218593
70,0,221189,221189
71,0,230353,230353
72,0,211131,211131
73,0,222676,222676
74,0,213940,213940
75,0,212797,212797
76,0,412894,412894
77,0,357557,357557
78,0,215717,215717
79,0,223666,223666
80,0,352052,352052
81,0,214358,214358
82,0,221650,221650
83,0,352829,352829
84,0,211366,211366
85,0,454091,454091
86,0,372360,372360
87,0,224405,224405
88,0,221046,221046
89,0,215983,215983
90,0,214785,214785
91,0,228890,228890
92,0,214558,214558
93,0,211885,211885
94,0,433213,433213
95,0,217898,217898
96,0,259254,259254
97,0,212431,212431
98,0,215179,215179
99,0,216531,216531
100,0,213130,213130
101,0,215014,215014
102,0,214368,214368
103,0,211220,211220
104,0,640447,640447
105,0,216778,216778
106,0,216251,216251
107,0,220270,220270
108,0,215514,215514
109,0,221217,221217
110,0,209379,209379
111,0,213630,213630
112,0,209251,209251
113,0,216812,216812
114,0,473232,473232
115,0,225247,225247
116,0,203993,203993
117,0,219717,219717
118,0,220677,220677
119,0,219690,219690
120,0,212069,212069
121,0,213777,213777
122,0,215400,215400
123,0,649436,649436
124,0,218918,218918
125,0,356362,356362
126,0,352133,352133
127,0,217271,217271
128,0,419319,419319
129,0,333894,333894
130,0,215335,215335
131,0,208722,208722
132,0,524843,524843
133,0,216277,216277
134,0,216424,216424
135,0,212092,212092
136,0,222369,222369
137,0,214066,214066
138,0,220623,220623
139,0,212995,212995
140,0,224396,224396
141,0,441114,441114
142,0,219140,219140
143,0,211146,211146
144,0,216551,216551
145,0,208126,208126
146,0,213722,213722
147,0,212933,212933
148,0,219294,219294
149,0,213072,213072
150,0,218224,218224
151,0,213651,213651
152,0,223657,223657
153,0,220758,220758
154,0,212033,212033
155,0,218998,218998
156,0,216446,216446
157,0,221868,221868
158,0,215289,215289
159,0,214513,214513
160,0,227921,227921
161,0,223599,223599
162,0,219344,219344
163,0,216322,216322
164,0,271960,271960
165,0,215303,215303
166,0,226778,226778
167,0,234624,234624
168,0,441496,441496
169,0,224545,224545
170,0,217736,217736
171,0,218317,218317
172,0,221253,221253
173,0,213179,213179
174,0,215880,215880
175,0,217264,217264
176,0,214746,214746
177,0,404909,404909
178,0,216253,216253
179,0,222068,222068
180,0,365371,365371
181,0,208901,208901
182,0,206722,206722
183,0,352211,352211
184,0,209869,209869
185,0,214070,214070
186,0,425558,425558
187,0,373715,373715
188,0,245696,245696
189,0,382643,382643
190,0,371368,371368
191,0,224205,224205
192,0,372354,372354
193,0,377869,377869
194,0,217623,217623
195,0,536289,536289
196,0,274909,274909
197,0,225788,225788
198,0,224219,224219
199,0,218335,218335
200,0,218810,218810
201,0,213505,213505
202,0,215487,215487
203,0,216886,216886
204,0,427867,427867
205,0,227738,227738
206,0,227352,227352
207,0,224706,224706
208,0,217877,217877
209,0,351523,351523
210,0,213036,213036
211,0,214196,214196
212,0,343083,343083
213,0,229434,229434
214,0,230893,230893
215,0,225440,225440
216,0,225248,225248
217,0,224161,224161
218,0,214210,214210
219,0,219795,219795
220,0,212801,212801
221,0,236130,236130
222,0,223231,223231
223,0,360783,360783
224,0,239808,239808
225,0,226393,226393
226,0,220289,220289
227,0,222074,222074
228,0,212997,212997
229,0,218151,218151
230,0,213184,213184
231,0,210409,210409
232,0,228029,228029
233,0,467664,467664
234,0,376904,376904
235,0,220539,220539
236,0,222499,222499
237,0,225679,225679
238,0,401294,401294
239,0,217869,217869
240,0,224310,224310
241,0,220712,220712
242,0,574784,574784
243,0,220533,220533
244,0,227194,227194
245,0,224288,224288
246,0,385246,385246
247,0,222341,222341
248,0,215542,215542
249,0,221900,221900
250,0,369066,369066
251,0,244586,244586
252,0,222546,222546
253,0,220686,220686
254,0,219170,219170
255,0,215672,215672
256,0,231908,231908
257,0,217740,217740
258,0,217502,217502
259,0,229287,229287
260,0,411516,411516
261,0,215206,215206
262,0,223170,223170
263,0,211145,211145
264,0,218216,218216
265,0,213816,213816
266,0,210978,210978
267,0,212773,212773
268,0,210838,210838
269,0,404319,404319
270,0,211506,211506
271,0,222989,222989
272,0,215738,215738
273,0,230457,230457
274,0,212915,212915
275,0,223538,223538
276,0,207862,207862
277,0,227712,227712
278,0,372500,372500
279,0,237783,237783
280,0,228153,228153
281,0,260071,260071
282,0,231967,231967
283,0,265461,265461
284,0,233723,233723
285,0,230196,230196
286,0,233332,233332
287,0,423994,423994
288,0,224198,224198
289,0,222763,222763
290,0,219518,219518
291,0,224039,224039
292,0,217140,217140
293,0,217803,217803
294,0,227539,227539
295,0,221676,221676
296,0,218119,218119
297,0,400813,400813
298,0,240579,240579
299,0,387795,387795
300,0,375487,375487
301,0,216797,216797
302,0,379048,379048
303,0,394957,394957
304,0,217856,217856
305,0,386392,386392
306,0,527781,527781
307,0,214783,214783
308,0,397800,397800
309,0,217798,217798
310,0,215487,215487
311,0,226175,226175
312,0,212778,212778
313,0,244445,244445
314,0,212826,212826
315,0,212669,212669
316,0,224265,224265
317,0,221790,221790
318,0,374605,374605
319,0,217706,217706
320,0,271767,271767
321,0,213246,213246
322,0,217104,217104
323,0,217350,217350
324,0,216416,216416
325,0,321144,321144
326,0,229071,229071
327,0,228089,228089
328,0,214184,214184
329,0,214282,214282
330,0,210115,210115
331,0,215968,215968
332,0,213743,213743
333,0,373641,373641
334,0,210216,210216
335,0,212383,212383
336,0,223313,223313
337,0,213574,213574
338,0,214055,214055
339,0,215697,215697
340,0,211385,211385
341,0,221691,221691
342,0,210423,210423
343,0,204773,204773
344,0,359840,359840
345,0,212704,212704
346,0,248787,248787
347,0,212359,212359
348,0,221360,221360
349,0,207375,207375
350,0,211363,211363
351,0,205140,205140
352,0,202337,202337
353,0,215034,215034
354,0,414407,414407
355,0,206580,206580
356,0,205867,205867
357,0,203449,203449
358,0,218950,218950
359,0,202820,202820
360,0,208235,208235
361,0,201901,201901
362,0,214419,214419
363,0,205187,205187
364,0,343622,343622
365,0,229685,229685
366,0,226166,226166
367,0,222091,222091
368,0,214334,214334
369,0,389050,389050
370,0,211397,211397
371,0,207915,207915
372,0,217031,217031
373,0,210208,210208
374,0,356210,356210
375,0,213806,213806
376,0,207907,207907
377,0,216506,216506
378,0,207930,207930
379,0,203664,203664
380,0,211775,211775
381,0,201401,201401
382,0,220269,220269
383,0,605532,605532
384,0,243603,243603
385,0,216438,216438
386,0,221814,221814
387,0,216228,216228
388,0,209244,209244
389,0,217825,217825
390,0,210476,210476
391,0,223935,223935
392,0,217300,217300
393,0,214286,214286
394,0,212299,212299
395,0,216699,216699
396,0,212635,212635
397,0,210780,210780
398,0,210178,210178
399,0,214232,214232
400,0,223496,223496
401,0,219701,219701
402,0,219300,219300
403,0,225819,225819
404,0,218784,218784
405,0,225087,225087
406,0,218177,218177
407,0,209251,209251
408,0,224335,224335
409,0,346631,346631
410,0,221264,221264
411,0,210053,210053
412,0,205873,205873
413,0,215934,215934
414,0,377290,377290
415,0,209505,209505
416,0,370462,370462
417,0,215876,215876
418,0,504702,504702
419,0,210026,210026
420,0,217026,217026
421,0,213574,213574
422,0,204830,204830
423,0,330940,330940
424,0,208685,208685
425,0,210725,210725
426,0,211662,211662
427,0,211173,211173
428,0,428661,428661
429,0,211949,211949
430,0,217336,217336
431,0,215227,215227
432,0,208892,208892
433,0,208464,208464
434,0,212920,212920
435,0,210404,210404
436,0,214563,214563
437,0,216070,216070
438,0,243966,243966
439,0,225695,225695
440,0,215883,215883
441,0,362592,362592
442,0,219460,219460
443,0,213447,213447
444,0,347473,347473
445,0,350664,350664
446,0,352004,352004
447,0,216059,216059
448,0,225170,225170
449,0,380932,380932
450,0,220862,220862
451,0,229066,229066
452,0,369862,369862
453,0,215057,215057
454,0,367551,367551
455,0,216560,216560
456,0,221571,221571
457,0,375308,375308
458,0,432247,432247
459,0,217865,217865
460,0,221661,221661
461,0,344469,344469
462,0,212977,212977
463,0,213195,213195
464,0,348920,348920
465,0,230777,230777
466,0,573233,573233
467,0,222368,222368
468,0,224244,224244
469,0,209398,209398
470,0,222559,222559
471,0,215202,215202
472,0,236390,236390
473,0,211355,211355
474,0,311828,311828
475,0,218854,218854
476,0,217706,217706
477,0,217447,217447
478,0,228347,228347
479,0,347962,347962
480,0,218191,218191
481,0,209805,209805
482,0,344850,344850
483,0,376137,376137
484,0,218087,218087
485,0,225312,225312
486,0,228323,228323
487,0,224333,224333
488,0,384880,384880
489,0,217653,217653
490,0,224287,224287
491,0,220915,220915
492,0,321372,321372
493,0,344096,344096
494,0,493570,493570
495,0,242813,242813
496,0,231360,231360
497,0,226315,226315
498,0,228333,228333
499,0,218238,218238
500,0,226831,226831
501,0,222468,222468
502,0,226263,226263
503,0,529122,529122
504,0,220851,220851
505,0,364169,364169
506,0,218254,218254
507,0,213594,213594
508,0,372760,372760
509,0,210230,210230
510,0,374898,374898
511,0,217883,217883
512,0,210808,210808
513,0,500576,500576
514,0,233482,233482
515,0,222241,222241
516,0,368857,368857
517,0,370732,370732
518,0,216404,216404
519,0,286899,286899
520,0,352535,352535
521,0,222377,222377
522,0,486660,486660
523,0,221721,221721
524,0,222345,222345
525,0,226486,226486
526,0,397361,397361
527,0,217198,217198
528,0,222323,222323
529,0,378171,378171
530,0,494708,494708
531,0,225975,225975
532,0,220505,220505
533,0,214006,214006
534,0,371215,371215
535,0,277358,277358
536,0,219766,219766
537,0,222922,222922
538,0,377528,377528
539,0,215479,215479
540,0,426602,426602
541,0,394597,394597
542,0,213734,213734
543,0,211501,211501
544,0,378564,378564
545,0,209429,209429
546,0,214235,214235
547,0,375735,375735
548,0,209513,209513
549,0,203082,203082
550,0,451790,451790
551,0,378499,378499
552,0,214134,214134
553,0,374416,374416
554,0,380050,380050
555,0,207824,207824
556,0,234975,234975
557,0,370357,370357
558,0,368314,368314
559,0,376562,376562
560,0,464697,464697
561,0,207042,207042
562,0,372287,372287
563,0,207223,207223
564,0,211219,211219
565,0,321663,321663
566,0,202941,202941
567,0,209888,209888
568,0,209916,209916
569,0,419530,419530
570,0,212072,212072
571,0,217253,217253
572,0,212591,212591
573,0,202533,202533
574,0,211820,211820
575,0,211444,211444
576,0,209178,209178
577,0,215892,215892
578,0,491111,491111
579,0,215660,215660
580,0,212030,212030
581,0,221156,221156
582,0,212814,212814
583,0,215931,215931
584,0,213404,213404
585,0,205756,205756
586,0,215728,215728
587,0,213296,213296
588,0,220852,220852
589,0,225025,225025
590,0,283773,283773
591,0,383780,383780
592,0,227981,227981
593,0,370756,370756
594,0,239351,239351
595,0,222482,222482
596,0,224957,224957
597,0,225565,225565
598,0,377134,377134
599,0,222124,222124
600,0,377239,377239
601,0,369528,369528
602,0,373817,373817
603,0,377398,377398
604,0,517217,517217
605,0,380796,380796
606,0,385073,385073
607,0,218793,218793
608,0,384748,384748
609,0,373578,373578
610,0,217948,217948
611,0,217415,217415
612,0,276997,276997
613,0,438923,438923
614,0,223248,223248
615,0,226810,226810
616,0,217217,217217
617,0,217693,217693
618,0,216418,216418
619,0,215899,215899
620,0,220349,220349
621,0,210327,210327
622,0,208467,208467
623,0,217896,217896
624,0,232890,232890
625,0,209967,209967
626,0,208977,208977
627,0,211217,211217
628,0,210095,210095
629,0,213659,213659
630,0,215317,215317
631,0,210612,210612
632,0,423091,423091
633,0,213926,213926
634,0,209626,209626
635,0,220186,220186
636,0,229761,229761
637,0,210822,210822
638,0,210310,210310
639,0,208946,208946
640,0,215332,215332
641,0,466590,466590
642,0,211076,211076
643,0,210620,210620
644,0,206306,206306
645,0,216694,216694
646,0,203997,203997
647,0,370401,370401
648,0,203158,203158
649,0,314806,314806
650,0,204043,204043
651,0,206595,206595
652,0,343838,343838
653,0,207479,207479
654,0,208046,208046
655,0,319152,319152
656,0,208991,208991
657,0,221491,221491
658,0,223234,223234
659,0,519696,519696
660,0,210066,210066
661,0,218670,218670
662,0,218367,218367
663,0,213395,213395
664,0,226715,226715
665,0,210451,210451
666,0,219909,219909
667,0,215138,215138
668,0,483390,483390
669,0,380036,380036
670,0,375415,375415
671,0,373925,373925
672,0,386935,386935
673,0,376595,376595
674,0,370699,370699
675,0,380894,380894
676,0,376742,376742
677,0,555406,555406
678,0,372038,372038
679,0,222854,222854
680,0,380156,380156
681,0,395446,395446
682,0,226042,226042
683,0,225616,225616
684,0,380242,380242
685,0,228480,228480
686,0,229806,229806
687,0,455318,455318
688,0,422076,422076
689,0,388149,388149
690,0,218058,218058
691,0,397305,397305
692,0,377853,377853
693,0,370194,370194
694,0,216522,216522
695,0,354493,354493
696,0,606346,606346
697,0,230726,230726
698,0,221490,221490
699,0,220920,220920
700,0,345826,345826
701,0,211944,211944
702,0,211679,211679
703,0,213746,213746
704,0,203875,203875
705,0,476896,476896
706,0,219435,219435
707,0,355882,355882
708,0,209924,209924
709,0,211370,211370
710,0,362853,362853
711,0,218100,218100
712,0,350778,350778
713,0,210063,210063
714,0,224880,224880
715,0,346597,346597
716,0,218345,218345
717,0,215948,215948
718,0,214167,214167
719,0,214878,214878
720,0,209477,209477
721,0,207855,207855
722,0,209815,209815
723,0,374056,374056
724,0,211197,211197
725,0,219234,219234
726,0,211552,211552
727,0,215692,215692
728,0,219216,219216
729,0,212138,212138
730,0,210739,210739
731,0,362670,362670
732,0,214329,214329
733,0,388610,388610
734,0,390915,390915
735,0,245601,245601
736,0,230023,230023
737,0,221944,221944
738,0,383473,383473
739,0,225117,225117
740,0,223902,223902
741,0,381070,381070
742,0,447670,447670
743,0,383910,383910
744,0,224620,224620
745,0,226212,226212
746,0,379009,379009
747,0,211871,211871
748,0,222737,222737
749,0,219391,219391
750,0,213774,213774
751,0,214211,214211
752,0,226119,226119
753,0,223521,223521
754,0,220220,220220
755,0,220253,220253
756,0,208232,208232
757,0,230308,230308
758,0,219083,219083
759,0,215259,215259
760,0,220493,220493
761,0,220540,220540
762,0,216180,216180
763,0,217987,217987
764,0,222828,222828
765,0,224357,224357
766,0,214083,214083
767,0,217850,217850
768,0,212803,212803
769,0,234258,234258
770,0,359284,359284
771,0,226455,226455
772,0,233448,233448
773,0,238861,238861
774,0,384010,384010
775,0,233947,233947
776,0,375066,375066
777,0,224794,224794
778,0,259702,259702
779,0,464960,464960
780,0,220701,220701
781,0,222477,222477
782,0,227375,227375
783,0,224256,224256
784,0,212734,212734
785,0,220396,220396
786,0,208526,208526
787,0,209717,209717
788,0,227672,227672
789,0,236633,236633
790,0,213103,213103
791,0,228891,228891
792,0,226072,226072
793,0,210040,210040
794,0,211008,211008
795,0,217710,217710
796,0,218082,218082
797,0,207261,207261
798,0,560008,560008
799,0,223793,223793
800,0,227165,227165
801,0,214497,214497
802,0,219274,219274
803,0,377965,377965
804,0,371337,371337
805,0,222488,222488
806,0,404628,404628
807,0,444707,444707
808,0,216989,216989
809,0,317048,317048
810,0,224851,224851
811,0,210197,210197
812,0,220231,220231
813,0,211786,211786
814,0,207509,207509
815,0,214900,214900
816,0,211267,211267
817,0,448838,448838
818,0,224789,224789
819,0,221271,221271
820,0,216919,216919
821,0,208282,208282
822,0,208041,208041
823,0,386674,386674
824,0,365141,365141
825,0,214636,214636
826,0,426938,426938
827,0,210497,210497
828,0,209208,209208
829,0,205588,205588
830,0,374337,374337
831,0,209379,209379
832,0,369820,369820
833,0,345498,345498
834,0,224479,224479
835,0,378449,378449
836,0,206721,206721
837,0,225694,225694
838,0,206948,206948
839,0,215189,215189
840,0,211160,211160
841,0,214785,214785
842,0,218241,218241
843,0,211920,211920
844,0,204191,204191
845,0,222626,222626
846,0,411318,411318
847,0,417253,417253
848,0,227101,227101
849,0,220740,220740
850,0,214376,214376
851,0,223571,223571
852,0,213196,213196
853,0,217854,217854
854,0,512234,512234
855,0,207396,207396
856,0,213444,213444
857,0,217461,217461
858,0,212084,212084
859,0,210157,210157
860,0,208251,208251
861,0,209836,209836
862,0,215544,215544
863,0,205486,205486
864,0,216402,216402
865,0,227492,227492
866,0,212931,212931
867,0,213474,213474
868,0,222661,222661
869,0,205161,205161
870,0,216637,216637
871,0,218975,218975
872,0,522375,522375
873,0,215973,215973
874,0,219831,219831
875,0,217597,217597
876,0,212300,212300
877,0,271829,271829
878,0,216872,216872
879,0,225050,225050
880,0,224486,224486
881,0,345537,345537
882,0,357625,357625
883,0,220164,220164
884,0,211809,211809
885,0,350936,350936
886,0,223383,223383
887,0,211445,211445
888,0,351213,351213
889,0,207596,207596
890,0,204434,204434
891,0,521252,521252
892,0,220368,220368
893,0,221494,221494
894,0,214605,214605
895,0,209859,209859
896,0,219013,219013
897,0,210905,210905
898,0,214659,214659
899,0,212365,212365
900,0,556073,556073
901,0,358307,358307
902,0,210953,210953
903,0,214451,214451
904,0,350827,350827
905,0,216149,216149
906,0,211828,211828
907,0,352287,352287
908,0,217529,217529
909,0,221957,221957
910,0,347675,347675
911,0,214184,214184
912,0,205273,205273
913,0,215543,215543
914,0,207950,207950
915,0,351854,351854
916,0,224427,224427
917,0,216565,216565
918,0,222136,222136
919,0,213080,213080
920,0,212168,212168
921,0,218703,218703
922,0,211269,211269
923,0,209787,209787
924,0,213491,213491
925,0,206375,206375
926,0,208781,208781
927,0,217648,217648
928,0,205655,205655
929,0,462299,462299
930,0,211180,211180
931,0,208868,208868
932,0,359931,359931
933,0,205716,205716
934,0,210899,210899
935,0,358206,358206
936,0,203309,203309
937,0,212357,212357
938,0,586893,586893
939,0,207795,207795
940,0,217268,217268
941,0,329433,329433
942,0,212535,212535
943,0,214956,214956
944,0,220324,220324
945,0,211530,211530
946,0,218443,218443
947,0,205398,205398
948,0,218547,218547
949,0,221566,221566
950,0,362670,362670
951,0,271362,271362
952,0,209046,209046
953,0,206287,206287
954,0,356942,356942
955,0,211943,211943
956,0,209268,209268
957,0,220041,220041
958,0,214003,214003
959,0,216557,216557
960,0,219440,219440
961,0,223351,223351
962,0,213680,213680
963,0,204689,204689
964,0,213660,213660
965,0,209096,209096
966,0,218965,218965
967,0,359317,359317
968,0,372208,372208
969,0,215019,215019
970,0,391768,391768
971,0,391440,391440
972,0,219952,219952
973,0,221880,221880
974,0,485795,485795
975,0,224023,224023
976,0,271418,271418
977,0,231277,231277
978,0,411444,411444
979,0,401670,401670
980,0,225844,225844
981,0,379640,379640
982,0,377215,377215
983,0,231261,231261
984,0,369273,369273
985,0,228030,228030
986,0,228036,228036
987,0,371143,371143
988,0,222273,222273
989,0,217417,217417
990,0,261201,261201
991,0,225704,225704
992,0,214391,214391
993,0,529349,529349
994,0,221531,221531
995,0,339837,339837
996,0,466111,466111
997,0,213430,213430
998,0,222164,222164
999,0,213533,213533
0,0,2253626,2253626
1,0,2061509,2061509
2,0,2259439,2259439
3,0,2067188,2067188
4,0,2487626,2487626
5,0,2237727,2237727
6,0,2054198,2054198
7,0,2142519,2142519
8,0,2148845,2148845
9,0,2472202,2472202
10,0,2032086,2032086
11,0,2008905,2008905
12,0,2060323,2060323
13,0,2129769,2129769
14,0,2239717,2239717
15,0,2395687,2395687
16,0,2725601,2725601
17,0,2220921,2220921
18,0,2508606,2508606
19,0,2829068,2829068
20,0,2649253,2649253
21,0,2098400,2098400
22,0,2654737,2654737
23,0,3359522,3359522
24,0,2578104,2578104
25,0,2764021,2764021
26,0,2165625,2165625
27,0,2544765,2544765
28,0,2171920,2171920
29,0,2631419,2631419
30,0,2241320,2241320
31,0,2961758,2961758
32,0,2074070,2074070
33,0,2765675,2765675
34,0,2145080,2145080
35,0,2120737,2120737
36,0,2916095,2916095
37,0,2132942,2132942
38,0,3198608,3198608
39,0,2098455,2098455
40,0,3123992,3123992
41,0,2519862,2519862
42,0,2182403,2182403
43,0,3121601,3121601
44,0,2278716,2278716
45,0,3040128,3040128
46,0,2310362,2310362
47,0,2088199,2088199
48,0,2095884,2095884
49,0,2256833,2256833
50,0,3529006,3529006
51,0,2199683,2199683
52,0,2327507,2327507
53,0,2446191,2446191
54,0,2020711,2020711
55,0,2117528,2117528
56,0,2016174,2016174
57,0,2267700,2267700
58,0,2081396,2081396
59,0,2610299,2610299
60,0,2058795,2058795
61,0,2683793,2683793
62,0,2062830,2062830
63,0,2171304,2171304
64,0,3234263,3234263
65,0,2077795,2077795
66,0,3115450,3115450
67,0,1905467,1905467
68,0,1790132,1790132
69,0,3102556,3102556
70,0,2269495,2269495
71,0,2755999,2755999
72,0,2152722,2152722
73,0,2244376,2244376
74,0,2080258,2080258
75,0,2770572,2770572
76,0,2247116,2247116
77,0,2195471,2195471
78,0,2680214,2680214
79,0,2091543,2091543
80,0,2829971,2829971
81,0,2792037,2792037
82,0,2774300,2774300
83,0,2060597,2060597
84,0,2629408,2629408
85,0,2113844,2113844
86,0,3243612,3243612
87,0,2125871,2125871
88,0,2030406,2030406
89,0,2069399,2069399
90,0,2197553,2197553
91,0,2556320,2556320
92,0,2061135,2061135
93,0,2171817,2171817
94,0,2507655,2507655
95,0,2173595,2173595
96,0,1713093,1713093
97,0,1918008,1918008
98,0,2446325,2446325
99,0,2238807,2238807
100,0,2114461,2114461
101,0,2407974,2407974
102,0,2142858,2142858
103,0,3463545,3463545
104,0,2549822,2549822
105,0,3523874,3523874
106,0,2240073,2240073
107,0,2939198,2939198
108,0,1991555,1991555
109,0,2641436,2641436
110,0,2126877,2126877
111,0,2041849,2041849
112,0,3162081,3162081
113,0,3435509,3435509
114,0,2138611,2138611
115,0,1995987,1995987
116,0,2598402,2598402
117,0,2479319,2479319
118,0,2675335,2675335
119,0,2498410,2498410
120,0,2119926,2119926
121,0,2027526,2027526
122,0,2123383,2123383
123,0,2066341,2066341
124,0,2040432,2040432
125,0,2187869,2187869
126,0,2070030,2070030
127,0,2593799,2593799
128,0,2308726,2308726
129,0,1723840,1723840
130,0,1919882,1919882
131,0,1846819,1846819
132,0,1764975,1764975
133,0,2030282,2030282
134,0,2152488,2152488
135,0,1934373,1934373
136,0,2048235,2048235
137,0,2084223,2084223
138,0,2125423,2125423
139,0,2196741,2196741
140,0,2292422,2292422
141,0,2082516,2082516
142,0,2207097,2207097
143,0,2101309,2101309
144,0,2158444,2158444
145,0,2151684,2151684
146,0,2124882,2124882
147,0,1726202,1726202
148,0,1684105,1684105
149,0,1854945,1854945
150,0,1875116,1875116
151,0,1742961,1742961
152,0,1692869,1692869
153,0,1818978,1818978
154,0,1770099,1770099
155,0,1747261,1747261
156,0,1802581,1802581
157,0,1763586,1763586
158,0,1772256,1772256
159,0,1715735,1715735
160,0,1847635,1847635
161,0,1774621,1774621
162,0,1717825,1717825
163,0,1824709,1824709
164,0,1719962,1719962
165,0,1906696,1906696
166,0,1949387,1949387
167,0,2031847,2031847
168,0,1996683,1996683
169,0,2350210,2350210
170,0,2081078,2081078
171,0,2122509,2122509
172,0,2140534,2140534
173,0,2211694,2211694
174,0,2117150,2117150
175,0,2696500,2696500
176,0,2069322,2069322
177,0,2660101,2660101
178,0,2152049,2152049
179,0,3183649,3183649
180,0,3130605,3130605
181,0,3132113,3132113
182,0,1843853,1843853
183,0,1828429,1828429
184,0,1833818,1833818
185,0,1771705,1771705
186,0,1738434,1738434
187,0,1807405,1807405
188,0,1844558,1844558
189,0,1817026,1817026
190,0,1834778,1834778
191,0,1747428,1747428
192,0,1846402,1846402
193,0,1812659,1812659
194,0,1979964,1979964
195,0,3178839,3178839
196,0,2028877,2028877
197,0,2494773,2494773
198,0,2587930,2587930
199,0,2059595,2059595
200,0,2057162,2057162
201,0,2072821,2072821
202,0,2204751,2204751
203,0,2086052,2086052
204,0,1993817,1993817
205,0,2197055,2197055
206,0,2193074,2193074
207,0,2727364,2727364
208,0,2746176,2746176
209,0,2112782,2112782
210,0,2158228,2158228
211,0,2087586,2087586
212,0,2932866,2932866
213,0,2132696,2132696
214,0,2648648,2648648
215,0,2700853,2700853
216,0,1977776,1977776
217,0,2000786,2000786
218,0,2212590,2212590
219,0,2108256,2108256
220,0,2113107,2113107
221,0,2144417,2144417
222,0,2832519,2832519
223,0,3408165,3408165
224,0,2229082,2229082
225,0,3175935,3175935
226,0,1806339,1806339
227,0,3072709,3072709
228,0,1960447,1960447
229,0,2124521,2124521
230,0,2150144,2150144
231,0,2104036,2104036
232,0,2050714,2050714
233,0,2099371,2099371
234,0,2202213,2202213
235,0,2105931,2105931
236,0,2082087,2082087
237,0,2617918,2617918
238,0,3361744,3361744
239,0,2777291,2777291
240,0,2929536,2929536
241,0,1958370,1958370
242,0,2804179,2804179
243,0,2030402,2030402
244,0,2091728,2091728
245,0,2350167,2350167
246,0,2540010,2540010
247,0,2616374,2616374
248,0,2214322,2214322
249,0,2506620,2506620
250,0,1729404,1729404
251,0,1659351,1659351
252,0,1658858,1658858
253,0,2037831,2037831
254,0,2408748,2408748
255,0,2165946,2165946
256,0,1768225,1768225
257,0,1749001,1749001
258,0,1712799,1712799
259,0,1994566,1994566
260,0,2357133,2357133
261,0,2356956,2356956
262,0,3155086,3155086
263,0,2392623,2392623
264,0,2168004,2168004
265,0,2045773,2045773
266,0,2107013,2107013
267,0,2495476,2495476
268,0,2129429,2129429
269,0,2787968,2787968
270,0,2120878,2120878
271,0,2003241,2003241
272,0,2694771,2694771
273,0,2161522,2161522
274,0,2726346,2726346
275,0,1812877,1812877
276,0,1777546,1777546
277,0,1789322,1789322
278,0,2326741,2326741
279,0,1757903,1757903
280,0,1776530,1776530
281,0,1764726,1764726
282,0,1718433,1718433
283,0,1736425,1736425
284,0,1768373,1768373
285,0,1832095,1832095
286,0,3039171,3039171
287,0,1857701,1857701
288,0,1720203,1720203
289,0,1742705,1742705
290,0,1849307,1849307
291,0,1759438,1759438
292,0,1800645,1800645
293,0,2290274,2290274
294,0,1700443,1700443
295,0,1709634,1709634
296,0,2206215,2206215
297,0,1749392,1749392
298,0,1744970,1744970
299,0,3090604,3090604
300,0,1946265,1946265
301,0,1769383,1769383
302,0,2595715,2595715
303,0,2341032,2341032
304,0,2220657,2220657
305,0,2062065,2062065
306,0,2543026,2543026
307,0,2260246,2260246
308,0,1994934,1994934
309,0,2164694,2164694
310,0,2856828,2856828
311,0,2047973,2047973
312,0,2096291,2096291
313,0,2138513,2138513
314,0,2106898,2106898
315,0,2674194,2674194
316,0,2656248,2656248
317,0,2610525,2610525
318,0,2131500,2131500
319,0,1840013,1840013
320,0,1733835,1733835
321,0,1797494,1797494
322,0,1887974,1887974
323,0,2045287,2045287
324,0,2147135,2147135
325,0,2064336,2064336
326,0,2621972,2621972
327,0,2054770,2054770
328,0,2176582,2176582
329,0,2156277,2156277
330,0,2596842,2596842
331,0,2157866,2157866
332,0,2168483,2168483
333,0,2762997,2762997
334,0,2222183,2222183
335,0,2125138,2125138
336,0,2068070,2068070
337,0,2094285,2094285
338,0,2829119,2829119
339,0,2098751,2098751
340,0,2171084,2171084
341,0,2188745,2188745
342,0,2032968,2032968
343,0,2090397,2090397
344,0,2082188,2082188
345,0,2760620,2760620
346,0,2066085,2066085
347,0,3567414,3567414
348,0,3290754,3290754
349,0,2418313,2418313
350,0,2796754,2796754
351,0,2186710,2186710
352,0,2638512,2638512
353,0,2544165,2544165
354,0,2672684,2672684
355,0,2305359,2305359
356,0,2246581,2246581
357,0,3469099,3469099
358,0,2648119,2648119
359,0,2118940,2118940
360,0,2154161,2154161
361,0,2078677,2078677
362,0,2845449,2845449
363,0,2131214,2131214
364,0,2081057,2081057
365,0,2069093,2069093
366,0,1758084,1758084
367,0,1769097,1769097
368,0,1819735,1819735
369,0,3099379,3099379
370,0,1709256,1709256
371,0,1716903,1716903
372,0,3100533,3100533
373,0,1801679,1801679
374,0,1910307,1910307
375,0,1862494,1862494
376,0,2210836,2210836
377,0,2160333,2160333
378,0,2170625,2170625
379,0,2091116,2091116
380,0,2746280,2746280
381,0,2119492,2119492
382,0,2088792,2088792
383,0,2097792,2097792
384,0,2057953,2057953
385,0,3228061,3228061
386,0,1991231,1991231
387,0,2647375,2647375
388,0,2130432,2130432
389,0,2170098,2170098
390,0,2086935,2086935
391,0,2075087,2075087
392,0,2073053,2073053
393,0,3329792,3329792
394,0,2048447,2048447
395,0,2981274,2981274
396,0,2519633,2519633
397,0,2818860,2818860
398,0,1875111,1875111
399,0,1822931,1822931
400,0,3127480,3127480
401,0,1873647,1873647
402,0,2163342,2163342
403,0,3011678,3011678
404,0,2441716,2441716
405,0,2375717,2375717
406,0,2558453,2558453
407,0,2261203,2261203
408,0,2282776,2282776
409,0,2169623,2169623
410,0,2238206,2238206
411,0,2112205,2112205
412,0,3340167,3340167
413,0,2791167,2791167
414,0,2582655,2582655
415,0,1996497,1996497
416,0,2189620,2189620
417,0,2135979,2135979
418,0,2635654,2635654
419,0,2548905,2548905
420,0,2472478,2472478
421,0,2091599,2091599
422,0,3256767,3256767
423,0,2098134,2098134
424,0,2139901,2139901
425,0,2145405,2145405
426,0,2152764,2152764
427,0,2653232,2653232
428,0,2129402,2129402
429,0,2055002,2055002
430,0,2954277,2954277
431,0,2781762,2781762
432,0,2292010,2292010
433,0,2728036,2728036
434,0,2311815,2311815
435,0,2562864,2562864
436,0,2587645,2587645
437,0,2085118,2085118
438,0,2114099,2114099
439,0,2231284,2231284
440,0,2330253,2330253
441,0,2697183,2697183
442,0,2507124,2507124
443,0,3419871,3419871
444,0,2126750,2126750
445,0,2465209,2465209
446,0,2014880,2014880
447,0,2156551,2156551
448,0,2489863,2489863
449,0,2289775,2289775
450,0,2056609,2056609
451,0,2105664,2105664
452,0,2148451,2148451
453,0,2057384,2057384
454,0,2355459,2355459
455,0,3181348,3181348
456,0,2919607,2919607
457,0,2749499,2749499
458,0,2104552,2104552
459,0,2833371,2833371
460,0,2146048,2146048
461,0,2054337,2054337
462,0,2579400,2579400
463,0,2234478,2234478
464,0,2700937,2700937
465,0,2637799,2637799
466,0,2073961,2073961
467,0,2407669,2407669
468,0,2453366,2453366
469,0,2360015,2360015
470,0,1715566,1715566
471,0,1782672,1782672
472,0,1679227,1679227
473,0,1855626,1855626
474,0,3098657,3098657
475,0,1716991,1716991
476,0,1754976,1754976
477,0,1784732,1784732
478,0,1802223,1802223
479,0,1774074,1774074
480,0,1861387,1861387
481,0,2119189,2119189
482,0,1810625,1810625
483,0,1749432,1749432
484,0,1851625,1851625
485,0,1777628,1777628
486,0,2866709,2866709
487,0,1790615,1790615
488,0,1743653,1743653
489,0,1690594,1690594
490,0,1747005,1747005
491,0,1753816,1753816
492,0,1756659,1756659
493,0,1735634,1735634
494,0,2031301,2031301
495,0,2050552,2050552
496,0,2165605,2165605
497,0,2088495,2088495
498,0,2110787,2110787
499,0,2101102,2101102
500,0,2125046,2125046
501,0,2136788,2136788
502,0,2077716,2077716
503,0,2195084,2195084
504,0,2013689,2013689
505,0,1714087,1714087
506,0,1724202,1724202
507,0,1695503,1695503
508,0,1746394,1746394
509,0,1769655,1769655
510,0,1747301,1747301
511,0,1780207,1780207
512,0,1844563,1844563
513,0,2062278,2062278
514,0,2113726,2113726
515,0,2092148,2092148
516,0,2121020,2121020
517,0,2749452,2749452
518,0,2780182,2780182
519,0,2173566,2173566
520,0,2209768,2209768
521,0,2128072,2128072
522,0,2518041,2518041
523,0,2794278,2794278
524,0,2192862,2192862
525,0,2151998,2151998
526,0,2617719,2617719
527,0,2114577,2114577
528,0,2661620,2661620
529,0,2025088,2025088
530,0,2069542,2069542
531,0,2058194,2058194
532,0,2144647,2144647
533,0,2834662,2834662
534,0,2118638,2118638
535,0,2744648,2744648
536,0,2036383,2036383
537,0,2186256,2186256
538,0,3322153,3322153
539,0,2120421,2120421
540,0,2620747,2620747
541,0,3449979,3449979
542,0,2287050,2287050
543,0,2646280,2646280
544,0,2756667,2756667
545,0,2057000,2057000
546,0,2085673,2085673
547,0,2037211,2037211
548,0,1733392,1733392
549,0,1723565,1723565
550,0,1769701,1769701
551,0,1698314,1698314
552,0,3080209,3080209
553,0,3067065,3067065
554,0,1803733,1803733
555,0,1779043,1779043
556,0,3209066,3209066
557,0,2053128,2053128
558,0,1931037,1931037
559,0,2847325,2847325
560,0,2031602,2031602
561,0,2121812,2121812
562,0,2513173,2513173
563,0,2119936,2119936
564,0,2519937,2519937
565,0,2051018,2051018
566,0,2103202,2103202
567,0,2061992,2061992
568,0,2060307,2060307
569,0,1980271,1980271
570,0,2284406,2284406
571,0,2102461,2102461
572,0,2107482,2107482
573,0,2086896,2086896
574,0,1773775,1773775
575,0,1705292,1705292
576,0,1817525,1817525
577,0,1727930,1727930
578,0,2021584,2021584
579,0,2053999,2053999
580,0,2120766,2120766
581,0,2060891,2060891
582,0,3114211,3114211
583,0,2094775,2094775
584,0,2147101,2147101
585,0,2301371,2301371
586,0,1721136,1721136
587,0,1806941,1806941
588,0,1709337,1709337
589,0,1760412,1760412
590,0,1720081,1720081
591,0,1755789,1755789
592,0,2091591,2091591
593,0,2067928,2067928
594,0,2112046,2112046
595,0,2144186,2144186
596,0,2138165,2138165
597,0,2687329,2687329
598,0,2104478,2104478
599,0,2102920,2102920
600,0,2283659,2283659
601,0,1869728,1869728
602,0,1734856,1734856
603,0,1840526,1840526
604,0,1856238,1856238
605,0,1683907,1683907
606,0,2067011,2067011
607,0,1677219,1677219
608,0,2281354,2281354
609,0,2656605,2656605
610,0,2345182,2345182
611,0,2369539,2369539
612,0,2064103,2064103
613,0,2838490,2838490
614,0,2723334,2723334
615,0,2205091,2205091
616,0,2245065,2245065
617,0,2878836,2878836
618,0,2737654,2737654
619,0,2090298,2090298
620,0,2085489,2085489
621,0,2688924,2688924
622,0,2113034,2113034
623,0,2239331,2239331
624,0,2694762,2694762
625,0,2125738,2125738
626,0,2064498,2064498
627,0,3064506,3064506
628,0,2147339,2147339
629,0,3173136,3173136
630,0,1863783,1863783
631,0,1792483,1792483
632,0,2879835,2879835
633,0,2448780,2448780
634,0,2099244,2099244
635,0,2938783,2938783
636,0,2488389,2488389
637,0,2199639,2199639
638,0,2302708,2302708
639,0,2512922,2512922
640,0,2180531,2180531
641,0,2713829,2713829
642,0,3401221,3401221
643,0,2083706,2083706
644,0,2029902,2029902
645,0,2206056,2206056
646,0,1984638,1984638
647,0,2174622,2174622
648,0,2096459,2096459
649,0,2065612,2065612
650,0,2194340,2194340
651,0,2569991,2569991
652,0,2140559,2140559
653,0,2125563,2125563
654,0,2058354,2058354
655,0,2228297,2228297
656,0,3055888,3055888
657,0,1782853,1782853
658,0,1667560,1667560
659,0,1689857,1689857
660,0,2978931,2978931
661,0,2448770,2448770
662,0,1825679,1825679
663,0,1888299,1888299
664,0,2895506,2895506
665,0,2229865,2229865
666,0,2653010,2653010
667,0,1794948,1794948
668,0,1822218,1822218
669,0,2534730,2534730
670,0,2417142,2417142
671,0,1782775,1782775
672,0,1846972,1846972
673,0,1727492,1727492
674,0,1715850,1715850
675,0,2956628,2956628
676,0,1797801,1797801
677,0,1691526,1691526
678,0,1787835,1787835
679,0,3018765,3018765
680,0,1843112,1843112
681,0,2180276,2180276
682,0,1799191,1799191
683,0,1785902,1785902
684,0,2315968,2315968
685,0,1723137,1723137
686,0,1732905,1732905
687,0,3137945,3137945
688,0,1705552,1705552
689,0,1718969,1718969
690,0,2077836,2077836
691,0,3001506,3001506
692,0,1780127,1780127
693,0,3112180,3112180
694,0,1774965,1774965
695,0,1862213,1862213
696,0,1693132,1693132
697,0,2494927,2494927
698,0,2271424,2271424
699,0,2002759,2002759
700,0,1707935,1707935
701,0,1751046,1751046
702,0,1745124,1745124
703,0,1713996,1713996
704,0,1746229,1746229
705,0,1725505,1725505
706,0,3132263,3132263
707,0,1712110,1712110
708,0,1685293,1685293
709,0,1677252,1677252
710,0,1967212,1967212
711,0,2168576,2168576
712,0,2853748,2853748
713,0,2886892,2886892
714,0,2730266,2730266
715,0,2480808,2480808
716,0,2171497,2171497
717,0,2251369,2251369
718,0,2355047,2355047
719,0,3058061,3058061
720,0,2208516,2208516
721,0,3066815,3066815
722,0,1796168,1796168
723,0,2197232,2197232
724,0,2510335,2510335
725,0,2303125,2303125
726,0,2182727,2182727
727,0,2177792,2177792
728,0,2502806,2502806
729,0,2696736,2696736
730,0,2022406,2022406
731,0,2734537,2734537
732,0,2504459,2504459
733,0,3135012,3135012
734,0,2116740,2116740
735,0,2890285,2890285
736,0,1692547,1692547
737,0,1724102,1724102
738,0,1957082,1957082
739,0,1886631,1886631
740,0,2148925,2148925
741,0,2022348,2022348
742,0,2080317,2080317
743,0,2155433,2155433
744,0,2031368,2031368
745,0,2163672,2163672
746,0,2674689,2674689
747,0,2163042,2163042
748,0,2844684,2844684
749,0,2161452,2161452
750,0,2126767,2126767
751,0,2050345,2050345
752,0,2807859,2807859
753,0,2778822,2778822
754,0,2051441,2051441
755,0,3245412,3245412
756,0,2806098,2806098
757,0,2211763,2211763
758,0,2073757,2073757
759,0,2113198,2113198
760,0,2160678,2160678
761,0,2156857,2156857
762,0,1791524,1791524
763,0,1725648,1725648
764,0,2884350,2884350
765,0,1703512,1703512
766,0,2968167,2968167
767,0,2426757,2426757
768,0,1672584,1672584
769,0,2010751,2010751
770,0,2771093,2771093
771,0,1986793,1986793
772,0,2207643,2207643
773,0,2145200,2145200
774,0,2183370,2183370
775,0,2080682,2080682
776,0,2734015,2734015
777,0,2373405,2373405
778,0,2073207,2073207
779,0,2068338,2068338
780,0,1771221,1771221
781,0,1792834,1792834
782,0,1680962,1680962
783,0,2018386,2018386
784,0,2147236,2147236
785,0,3054333,3054333
786,0,2146025,2146025
787,0,2857699,2857699
788,0,2005239,2005239
789,0,2339366,2339366
790,0,2103572,2103572
791,0,2790261,2790261
792,0,2139002,2139002
793,0,2190008,2190008
794,0,1749622,1749622
795,0,1746582,1746582
796,0,1746661,1746661
797,0,1964438,1964438
798,0,2623154,2623154
799,0,2123211,2123211
800,0,2022233,2022233
801,0,2111748,2111748
802,0,2719406,2719406
803,0,2185046,2185046
804,0,2609917,2609917
805,0,2156304,2156304
806,0,2685819,2685819
807,0,2640293,2640293
808,0,1770020,1770020
809,0,1717564,1717564
810,0,1729739,1729739
811,0,3002225,3002225
812,0,2057904,2057904
813,0,2044674,2044674
814,0,2156661,2156661
815,0,2122978,2122978
816,0,2315464,2315464
817,0,2147762,2147762
818,0,2127549,2127549
819,0,2053483,2053483
820,0,2569271,2569271
821,0,2299176,2299176
822,0,2164792,2164792
823,0,2613298,2613298
824,0,1826884,1826884
825,0,1767003,1767003
826,0,1988931,1988931
827,0,1689770,1689770
828,0,1715461,1715461
829,0,1752358,1752358
830,0,1723492,1723492
831,0,1781635,1781635
832,0,1744649,1744649
833,0,1766518,1766518
834,0,1714287,1714287
835,0,1859033,1859033
836,0,1739000,1739000
837,0,1767726,1767726
838,0,1747283,1747283
839,0,1740857,1740857
840,0,1721875,1721875
841,0,2011428,2011428
842,0,2619058,2619058
843,0,2814392,2814392
844,0,1965012,1965012
845,0,2709029,2709029
846,0,2537204,2537204
847,0,2147484,2147484
848,0,2081134,2081134
849,0,2118305,2118305
850,0,2178674,2178674
851,0,2965480,2965480
852,0,2193722,2193722
853,0,1790381,1790381
854,0,3065187,3065187
855,0,1634788,1634788
856,0,2043031,2043031
857,0,2622920,2622920
858,0,2616683,2616683
859,0,2095242,2095242
860,0,2712825,2712825
861,0,2040381,2040381
862,0,1808023,1808023
863,0,1759693,1759693
864,0,1718798,1718798
865,0,1749153,1749153
866,0,1688028,1688028
867,0,1722582,1722582
868,0,1951236,1951236
869,0,2416787,2416787
870,0,2230236,2230236
871,0,2222843,2222843
872,0,2076706,2076706
873,0,2213526,2213526
874,0,2122630,2122630
875,0,2166138,2166138
876,0,2832343,2832343
877,0,2346983,2346983
878,0,2279793,2279793
879,0,2214034,2214034
880,0,2515069,2515069
881,0,2707400,2707400
882,0,2365046,2365046
883,0,2461452,2461452
884,0,2193304,2193304
885,0,2055824,2055824
886,0,2572609,2572609
887,0,2640832,2640832
888,0,3264942,3264942
889,0,2198850,2198850
890,0,2281618,2281618
891,0,2633455,2633455
892,0,1834640,1834640
893,0,1842731,1842731
894,0,3236001,3236001
895,0,2015124,2015124
896,0,2266817,2266817
897,0,2752446,2752446
898,0,2744633,2744633
899,0,2075092,2075092
900,0,2244420,2244420
901,0,2304688,2304688
902,0,2878803,2878803
903,0,1881981,1881981
904,0,1857906,1857906
905,0,1772288,1772288
906,0,3116154,3116154
907,0,1729908,1729908
908,0,1746292,1746292
909,0,1747561,1747561
910,0,1775826,1775826
911,0,1771373,1771373
912,0,2378547,2378547
913,0,3446143,3446143
914,0,2446006,2446006
915,0,2693215,2693215
916,0,3031596,3031596
917,0,2127702,2127702
918,0,2217585,2217585
919,0,2119765,2119765
920,0,3445284,3445284
921,0,2109014,2109014
922,0,3020001,3020001
923,0,2203724,2203724
924,0,2135102,2135102
925,0,2135420,2135420
926,0,2227200,2227200
927,0,2159258,2159258
928,0,2524711,2524711
929,0,2287332,2287332
930,0,3067669,3067669
931,0,2107756,2107756
932,0,3340321,3340321
933,0,2231515,2231515
934,0,2651866,2651866
935,0,2097757,2097757
936,0,2073132,2073132
937,0,2155587,2155587
938,0,2060532,2060532
939,0,2136170,2136170
940,0,1717163,1717163
941,0,1796120,1796120
942,0,1724704,1724704
943,0,1700626,1700626
944,0,1697641,1697641
945,0,1698401,1698401
946,0,1662628,1662628
947,0,2070557,2070557
948,0,1991898,1991898
949,0,2132699,2132699
950,0,2169277,2169277
951,0,2388475,2388475
952,0,2764403,2764403
953,0,2058162,2058162
954,0,2147750,2147750
955,0,2206375,2206375
956,0,2408999,2408999
957,0,2261098,2261098
958,0,2023047,2023047
959,0,2059314,2059314
960,0,2625641,2625641
961,0,3147134,3147134
962,0,2308723,2308723
963,0,2100958,2100958
964,0,2162824,2162824
965,0,2019219,2019219
966,0,2434223,2434223
967,0,2066741,2066741
968,0,2057616,2057616
969,0,2290891,2290891
970,0,3482593,3482593
971,0,2881552,2881552
972,0,2148374,2148374
973,0,1818711,1818711
974,0,3078683,3078683
975,0,1802414,1802414
976,0,1744182,1744182
977,0,1774037,1774037
978,0,1747991,1747991
979,0,2037352,2037352
980,0,2029069,2029069
981,0,2047269,2047269
982,0,2068547,2068547
983,0,2029329,2029329
984,0,2239816,2239816
985,0,1770993,1770993
986,0,1724485,1724485
987,0,2881708,2881708
988,0,1737847,1737847
989,0,1707720,1707720
990,0,1760650,1760650
991,0,1776158,1776158
992,0,1708070,1708070
993,0,1855382,1855382
994,0,1750261,1750261
995,0,1683302,1683302
996,0,1818832,1818832
997,0,1998018,1998018
998,0,2103153,2103153
999,0,2090604,2090604
0,0,19149583,19149583
1,0,27961952,27961952
2,0,20871499,20871499
3,0,18400807,18400807
4,0,18244027,18244027
5,0,18844329,18844329
6,0,18840580,18840580
7,0,17447870,17447870
8,0,18554971,18554971
9,0,19958927,19958927
10,0,19054108,19054108
11,0,19441577,19441577
12,0,20299651,20299651
13,0,18657680,18657680
14,0,18599886,18599886
15,0,18794142,18794142
16,0,18831940,18831940
17,0,19092410,19092410
18,0,18386779,18386779
19,0,23135693,23135693
20,0,19314975,19314975
21,0,19616202,19616202
22,0,21298909,21298909
23,0,21538843,21538843
24,0,19227618,19227618
25,0,18825026,18825026
26,0,20199358,20199358
27,0,18820830,18820830
28,0,19478163,19478163
29,0,20398783,20398783
30,0,21516135,21516135
31,0,18363114,18363114
32,0,18767952,18767952
33,0,17983855,17983855
34,0,17663826,17663826
35,0,17784926,17784926
36,0,18761774,18761774
37,0,22143974,22143974
38,0,19950680,19950680
39,0,18430051,18430051
40,0,18347107,18347107
41,0,18133137,18133137
42,0,19870825,19870825
43,0,17569354,17569354
44,0,17926898,17926898
45,0,17808952,17808952
46,0,17720950,17720950
47,0,18877426,18877426
48,0,19092206,19092206
49,0,20496037,20496037
50,0,19432644,19432644
51,0,20147047,20147047
52,0,18977685,18977685
53,0,18445794,18445794
54,0,21551107,21551107
55,0,20194491,20194491
56,0,19360470,19360470
57,0,17124336,17124336
58,0,19506126,19506126
59,0,21668360,21668360
60,0,18123135,18123135
61,0,20062832,20062832
62,0,18235389,18235389
63,0,18275499,18275499
64,0,21068036,21068036
65,0,17678872,17678872
66,0,18308991,18308991
67,0,21738368,21738368
68,0,19143585,19143585
69,0,18195486,18195486
70,0,19514573,19514573
71,0,20094955,20094955
72,0,20605827,20605827
73,0,17552948,17552948
74,0,17247234,17247234
75,0,17075058,17075058
76,0,20279853,20279853
77,0,18686260,18686260
78,0,17312276,17312276
79,0,19168346,19168346
80,0,19634078,19634078
81,0,18734759,18734759
82,0,18824267,18824267
83,0,19299995,19299995
84,0,19166818,19166818
85,0,22643330,22643330
86,0,20377901,20377901
87,0,18966764,18966764
88,0,18439891,18439891
89,0,19891193,19891193
90,0,19132324,19132324
91,0,19068742,19068742
92,0,17893440,17893440
93,0,20262423,20262423
94,0,18294588,18294588
95,0,19792733,19792733
96,0,20107041,20107041
97,0,19303836,19303836
98,0,18205192,18205192
99,0,18016740,18016740
100,0,17271102,17271102
101,0,18955970,18955970
102,0,19191041,19191041
103,0,20258896,20258896
104,0,19246324,19246324
105,0,19400752,19400752
106,0,17782662,17782662
107,0,21363427,21363427
108,0,17907580,17907580
109,0,19419701,19419701
110,0,19256009,19256009
111,0,18589085,18589085
112,0,20668649,20668649
113,0,18420692,18420692
114,0,19210335,19210335
115,0,18291434,18291434
116,0,20328912,20328912
117,0,23801259,23801259
118,0,18573468,18573468
119,0,18893714,18893714
120,0,19276026,19276026
121,0,18778323,18778323
122,0,19210723,19210723
123,0,19627637,19627637
124,0,18799757,18799757
125,0,20398110,20398110
126,0,21708190,21708190
127,0,19285874,19285874
128,0,24203020,24203020
129,0,18353272,18353272
130,0,23383679,23383679
131,0,18832001,18832001
132,0,19202301,19202301
133,0,21048471,21048471
134,0,17527990,17527990
135,0,20559277,20559277
136,0,22504118,22504118
137,0,21561222,21561222
138,0,18967269,18967269
139,0,17790661,17790661
140,0,18230124,18230124
141,0,22619706,22619706
142,0,18458396,18458396
143,0,17586923,17586923
144,0,17873231,17873231
145,0,19997316,19997316
146,0,20947964,20947964
147,0,18260355,18260355
148,0,18985557,18985557
149,0,17730080,17730080
150,0,23602683,23602683
151,0,22569063,22569063
152,0,18559817,18559817
153,0,19027304,19027304
154,0,22348607,22348607
155,0,20170624,20170624
156,0,19952101,19952101
157,0,19269244,19269244
158,0,19480316,19480316
159,0,22198626,22198626
160,0,18185218,18185218
161,0,18050518,18050518
162,0,20058861,20058861
163,0,19254516,19254516
164,0,17309511,17309511
165,0,19593951,19593951
166,0,19331473,19331473
167,0,19703202,19703202
168,0,18552737,18552737
169,0,19099047,19099047
170,0,18251049,18251049
171,0,19873973,19873973
172,0,18491942,18491942
173,0,18910798,18910798
174,0,18810965,18810965
175,0,17786103,17786103
176,0,17081840,17081840
177,0,18736806,18736806
178,0,20306709,20306709
179,0,22584694,22584694
180,0,17473991,17473991
181,0,20347208,20347208
182,0,18446392,18446392
183,0,21484452,21484452
184,0,20880823,20880823
185,0,17843756,17843756
186,0,19657227,19657227
187,0,18962147,18962147
188,0,18859157,18859157
189,0,19701356,19701356
190,0,21039596,21039596
191,0,19623122,19623122
192,0,17942046,17942046
193,0,21315756,21315756
194,0,19384043,19384043
195,0,18299689,18299689
196,0,21815333,21815333
197,0,18942108,18942108
198,0,20262976,20262976
199,0,17879725,17879725
200,0,17853593,17853593
201,0,17447928,17447928
202,0,18100416,18100416
203,0,20772334,20772334
204,0,17579167,17579167
205,0,18672503,18672503
206,0,17929942,17929942
207,0,18121124,18121124
208,0,19299597,19299597
209,0,18417794,18417794
210,0,17886513,17886513
211,0,19403605,19403605
212,0,20987472,20987472
213,0,20176260,20176260
214,0,17739538,17739538
215,0,20131312,20131312
216,0,18596603,18596603
217,0,19227476,19227476
218,0,19723162,19723162
219,0,19095997,19095997
220,0,17801114,17801114
221,0,25806195,25806195
222,0,18426257,18426257
223,0,19178090,19178090
224,0,19480752,19480752
225,0,21798300,21798300
226,0,18157460,18157460
227,0,20153048,20153048
228,0,20258097,20258097
229,0,19199915,19199915
230,0,19259192,19259192
231,0,18309088,18309088
232,0,17737655,17737655
233,0,19643247,19643247
234,0,20338203,20338203
235,0,18830720,18830720
236,0,18073299,18073299
237,0,18276351,18276351
238,0,19173748,19173748
239,0,22111810,22111810
240,0,18522465,18522465
241,0,19675892,19675892
242,0,19103559,19103559
243,0,18548358,18548358
244,0,18714763,18714763
245,0,22514297,22514297
246,0,19566918,19566918
247,0,17162974,17162974
248,0,19791479,19791479
249,0,17592996,17592996
250,0,16924125,16924125
251,0,18865361,18865361
252,0,19048114,19048114
253,0,19689114,19689114
254,0,18105281,18105281
255,0,19375069,19375069
256,0,19258309,19258309
257,0,17508004,17508004
258,0,19979641,19979641
259,0,19442916,19442916
260,0,18935895,18935895
261,0,18486201,18486201
262,0,19698154,19698154
263,0,20108282,20108282
264,0,19670726,19670726
265,0,18435091,18435091
266,0,22826437,22826437
267,0,25349913,25349913
268,0,19198357,19198357
269,0,18505703,18505703
270,0,19617601,19617601
271,0,18522428,18522428
272,0,19025133,19025133
273,0,20195598,20195598
274,0,20847948,20847948
275,0,21675504,21675504
276,0,20588652,20588652
277,0,21755516,21755516
278,0,19238038,19238038
279,0,23325498,23325498
280,0,18678074,18678074
281,0,19771942,19771942
282,0,18320643,18320643
283,0,19480655,19480655
284,0,19712854,19712854
285,0,23110765,23110765
286,0,17458488,17458488
287,0,17716019,17716019
288,0,18146697,18146697
289,0,19473389,19473389
290,0,18442708,18442708
291,0,19732575,19732575
292,0,18721239,18721239
293,0,19088545,19088545
294,0,19886510,19886510
295,0,19134792,19134792
296,0,17729109,17729109
297,0,19658337,19658337
298,0,18400512,18400512
299,0,17652070,17652070
300,0,19288501,19288501
301,0,19869310,19869310
302,0,21346350,21346350
303,0,19427381,19427381
304,0,19223848,19223848
305,0,17967888,17967888
306,0,17870559,17870559
307,0,18790234,18790234
308,0,17941927,17941927
309,0,18962852,18962852
310,0,20198542,20198542
311,0,18469111,18469111
312,0,20412499,20412499
313,0,19807839,19807839
314,0,18573060,18573060
315,0,18306610,18306610
316,0,19365904,19365904
317,0,18441268,18441268
318,0,17418404,17418404
319,0,18256553,18256553
320,0,19874534,19874534
321,0,18152113,18152113
322,0,20242469,20242469
323,0,17458798,17458798
324,0,20385918,20385918
325,0,18105681,18105681
326,0,17822047,17822047
327,0,21015031,21015031
328,0,18506640,18506640
329,0,19782036,19782036
330,0,20868729,20868729
331,0,24447533,24447533
332,0,21493135,21493135
333,0,21504909,21504909
334,0,21784923,21784923
335,0,18073760,18073760
336,0,17997214,17997214
337,0,18081416,18081416
338,0,19102060,19102060
339,0,23886250,23886250
340,0,19118755,19118755
341,0,19342772,19342772
342,0,18166359,18166359
343,0,17953360,17953360
344,0,19014555,19014555
345,0,18324796,18324796
346,0,18231299,18231299
347,0,18900275,18900275
348,0,20560563,20560563
349,0,19045365,19045365
350,0,18713540,18713540
351,0,18985226,18985226
352,0,18421027,18421027
353,0,17849884,17849884
354,0,18459722,18459722
355,0,20655341,20655341
356,0,17674754,17674754
357,0,18541162,18541162
358,0,20957476,20957476
359,0,20176289,20176289
360,0,19662742,19662742
361,0,19527890,19527890
362,0,20165448,20165448
363,0,20273541,20273541
364,0,19036180,19036180
365,0,20406050,20406050
366,0,22552211,22552211
367,0,20953048,20953048
368,0,17989742,17989742
369,0,18050573,18050573
370,0,24829324,24829324
371,0,19204880,19204880
372,0,20160586,20160586
373,0,20308587,20308587
374,0,19497559,19497559
375,0,20571167,20571167
376,0,17690025,17690025
377,0,20585664,20585664
378,0,18197880,18197880
379,0,21893429,21893429
380,0,18474092,18474092
381,0,17194886,17194886
382,0,20355122,20355122
383,0,20463939,20463939
384,0,18705861,18705861
385,0,17897245,17897245
386,0,16428516,16428516
387,0,19005344,19005344
388,0,18921311,18921311
389,0,19348365,19348365
390,0,19712816,19712816
391,0,18391930,18391930
392,0,17363455,17363455
393,0,17631158,17631158
394,0,18656754,18656754
395,0,18714310,18714310
396,0,19150106,19150106
397,0,19498809,19498809
398,0,19252652,19252652
399,0,19165072,19165072
400,0,18827576,18827576
401,0,18820876,18820876
402,0,19786469,19786469
403,0,18019130,18019130
404,0,24881566,24881566
405,0,17650092,17650092
406,0,17968023,17968023
407,0,19680854,19680854
408,0,18521637,18521637
409,0,17439337,17439337
410,0,19393867,19393867
411,0,18509895,18509895
412,0,17953708,17953708
413,0,21468382,21468382
414,0,18659215,18659215
415,0,18778707,18778707
416,0,18776081,18776081
417,0,18032541,18032541
418,0,23723500,23723500
419,0,19899204,19899204
420,0,19643726,19643726
421,0,18395423,18395423
422,0,18632580,18632580
423,0,19887233,19887233
424,0,20997572,20997572
425,0,20840295,20840295
426,0,21305125,21305125
427,0,17155119,17155119
428,0,18648547,18648547
429,0,19941767,19941767
430,0,18315297,18315297
431,0,18968848,18968848
432,0,19620394,19620394
433,0,19659692,19659692
434,0,19859146,19859146
435,0,20058313,20058313
436,0,21053572,21053572
437,0,19676174,19676174
438,0,18610581,18610581
439,0,19896463,19896463
440,0,20543240,20543240
441,0,19837833,19837833
442,0,20187693,20187693
443,0,19273041,19273041
444,0,17945279,17945279
445,0,21026121,21026121
446,0,18008558,18008558
447,0,17092974,17092974
448,0,18229388,18229388
449,0,17568039,17568039
450,0,16939300,16939300
451,0,19328940,19328940
452,0,17639249,17639249
453,0,18242655,18242655
454,0,18383338,18383338
455,0,19300243,19300243
456,0,20383234,20383234
457,0,19514791,19514791
458,0,18351683,18351683
459,0,18990552,18990552
460,0,17973954,17973954
461,0,23033136,23033136
462,0,20211895,20211895
463,0,21454825,21454825
464,0,18431221,18431221
465,0,20423845,20423845
466,0,20800222,20800222
467,0,17953911,17953911
468,0,18361695,18361695
469,0,18561353,18561353
470,0,20301740,20301740
471,0,23093241,23093241
472,0,20324888,20324888
473,0,20152268,20152268
474,0,18344972,18344972
475,0,22320816,22320816
476,0,20592134,20592134
477,0,19178186,19178186
478,0,19068165,19068165
479,0,17837691,17837691
480,0,17879702,17879702
481,0,19866332,19866332
482,0,19327073,19327073
483,0,18318611,18318611
484,0,18925896,18925896
485,0,18262127,18262127
486,0,18589386,18589386
487,0,19168511,19168511
488,0,18885201,18885201
489,0,18443178,18443178
490,0,17826978,17826978
491,0,20065259,20065259
492,0,19092157,19092157
493,0,18355706,18355706
494,0,19753763,19753763
495,0,19698530,19698530
496,0,18489677,18489677
497,0,22184500,22184500
498,0,20824233,20824233
499,0,18183486,18183486
500,0,18151219,18151219
501,0,18450439,18450439
502,0,19625469,19625469
503,0,19763769,19763769
504,0,21018415,21018415
505,0,19344499,19344499
506,0,19811621,19811621
507,0,20494596,20494596
508,0,21045418,21045418
509,0,20632340,20632340
510,0,20789517,20789517
511,0,20531807,20531807
512,0,17779701,17779701
513,0,18184134,18184134
514,0,21107152,21107152
515,0,20198085,20198085
516,0,20574823,20574823
517,0,18820952,18820952
518,0,18899895,18899895
519,0,18214045,18214045
520,0,19729805,19729805
521,0,19170635,19170635
522,0,17535024,17535024
523,0,19908209,19908209
524,0,18556870,18556870
525,0,18580015,18580015
526,0,18360088,18360088
527,0,18511141,18511141
528,0,20043316,20043316
529,0,21273284,21273284
530,0,20918807,20918807
531,0,20037400,20037400
532,0,21958322,21958322
533,0,22100895,22100895
534,0,19880687,19880687
535,0,18580917,18580917
536,0,20689524,20689524
537,0,20755310,20755310
538,0,19549585,19549585
539,0,18989984,18989984
540,0,19270912,19270912
541,0,19082824,19082824
542,0,19242717,19242717
543,0,19777567,19777567
544,0,17322361,17322361
545,0,17412851,17412851
546,0,18737100,18737100
547,0,20276016,20276016
548,0,20858850,20858850
549,0,20120115,20120115
550,0,17665695,17665695
551,0,17389741,17389741
552,0,18490649,18490649
553,0,17014633,17014633
554,0,18858850,18858850
555,0,18372011,18372011
556,0,18504823,18504823
557,0,18167352,18167352
558,0,18191204,18191204
559,0,18048524,18048524
560,0,18832295,18832295
561,0,23071030,23071030
562,0,20106013,20106013
563,0,18233448,18233448
564,0,19432503,19432503
565,0,20054873,20054873
566,0,18850407,18850407
567,0,20016978,20016978
568,0,19095515,19095515
569,0,19957225,19957225
570,0,19062219,19062219
571,0,18497196,18497196
572,0,18511233,18511233
573,0,19584063,19584063
574,0,18000816,18000816
575,0,19989394,19989394
576,0,18488606,18488606
577,0,21720023,21720023
578,0,20135146,20135146
579,0,19789865,19789865
580,0,19218819,19218819
581,0,18482243,18482243
582,0,17943565,17943565
583,0,24973641,24973641
584,0,18431215,18431215
585,0,20078607,20078607
586,0,17647104,17647104
587,0,17371835,17371835
588,0,21105141,21105141
589,0,18897691,18897691
590,0,20321323,20321323
591,0,18813880,18813880
592,0,17644589,17644589
593,0,16943641,16943641
594,0,20505507,20505507
595,0,17511049,17511049
596,0,20103115,20103115
597,0,17713402,17713402
598,0,18283122,18283122
599,0,17433332,17433332
600,0,20799122,20799122
601,0,18030633,18030633
602,0,17416298,17416298
603,0,18610802,18610802
604,0,18065323,18065323
605,0,19371588,19371588
606,0,21621379,21621379
607,0,17921914,17921914
608,0,20081537,20081537
609,0,18723596,18723596
610,0,17561865,17561865
611,0,19493204,19493204
612,0,17148808,17148808
613,0,20818625,20818625
614,0,19221112,19221112
615,0,21472961,21472961
616,0,20650717,20650717
617,0,20060585,20060585
618,0,19892081,19892081
619,0,18404044,18404044
620,0,22698980,22698980
621,0,18938756,18938756
622,0,19659918,19659918
623,0,23929184,23929184
624,0,20639737,20639737
625,0,20007265,20007265
626,0,18715908,18715908
627,0,19464655,19464655
628,0,18114053,18114053
629,0,18570278,18570278
630,0,18202140,18202140
631,0,19162594,19162594
632,0,19193948,19193948
633,0,18630514,18630514
634,0,18568814,18568814
635,0,18465844,18465844
636,0,19180529,19180529
637,0,20021199,20021199
638,0,17851442,17851442
639,0,17754330,17754330
640,0,20274870,20274870
641,0,19661850,19661850
642,0,20136536,20136536
643,0,19729719,19729719
644,0,18276759,18276759
645,0,27202485,27202485
646,0,19217962,19217962
647,0,19947881,19947881
648,0,20007825,20007825
649,0,19042018,19042018
650,0,20797990,20797990
651,0,17473808,17473808
652,0,17852159,17852159
653,0,21872826,21872826
654,0,18018871,18018871
655,0,20593903,20593903
656,0,18357653,18357653
657,0,18866324,18866324
658,0,19220959,19220959
659,0,18317358,18317358
660,0,20449194,20449194
661,0,21633325,21633325
662,0,21366622,21366622
663,0,19558741,19558741
664,0,19058715,19058715
665,0,20272035,20272035
666,0,20394268,20394268
667,0,19027771,19027771
668,0,18049510,18049510
669,0,20696039,20696039
670,0,18782932,18782932
671,0,18331695,18331695
672,0,18600470,18600470
673,0,19231182,19231182
674,0,19903542,19903542
675,0,21202744,21202744
676,0,19070513,19070513
677,0,20498604,20498604
678,0,21412885,21412885
679,0,18621203,18621203
680,0,19788784,19788784
681,0,20982091,20982091
682,0,18442756,18442756
683,0,17404294,17404294
684,0,20006874,20006874
685,0,18839868,18839868
686,0,19634727,19634727
687,0,19290377,19290377
688,0,20458660,20458660
689,0,22461114,22461114
690,0,20101265,20101265
691,0,20041308,20041308
692,0,18392783,18392783
693,0,20555354,20555354
694,0,20269484,20269484
695,0,20531743,20531743
696,0,18544798,18544798
697,0,18384301,18384301
698,0,17293613,17293613
699,0,19520901,19520901
700,0,17823131,17823131
701,0,17087797,17087797
702,0,20251367,20251367
703,0,20566051,20566051
704,0,19190554,19190554
705,0,19179453,19179453
706,0,18254512,18254512
707,0,19697717,19697717
708,0,25230854,25230854
709,0,18518110,18518110
710,0,18666237,18666237
711,0,20047490,20047490
712,0,23397046,23397046
713,0,19631977,19631977
714,0,19078025,19078025
715,0,19243241,19243241
716,0,19771353,19771353
717,0,17679316,17679316
718,0,18862886,18862886
719,0,17877847,17877847
720,0,17559719,17559719
721,0,18185593,18185593
722,0,19013017,19013017
723,0,20543658,20543658
724,0,18582446,18582446
725,0,19159578,19159578
726,0,20346359,20346359
727,0,19370647,19370647
728,0,18379793,18379793
729,0,17953630,17953630
730,0,17226697,17226697
731,0,17353846,17353846
732,0,19764780,19764780
733,0,17328589,17328589
734,0,19981272,19981272
735,0,17691760,17691760
736,0,18006133,18006133
737,0,20454749,20454749
738,0,22360897,22360897
739,0,20492064,20492064
740,0,17829884,17829884
741,0,18731282,18731282
742,0,20563408,20563408
743,0,20113863,20113863
744,0,21574361,21574361
745,0,20075474,20075474
746,0,20299883,20299883
747,0,19725714,19725714
748,0,18242326,18242326
749,0,17877105,17877105
750,0,17887083,17887083
751,0,18809664,18809664
752,0,19722339,19722339
753,0,21139785,21139785
754,0,18516662,18516662
755,0,19568326,19568326
756,0,18212630,18212630
757,0,17520829,17520829
758,0,17617639,17617639
759,0,20505418,20505418
760,0,17941811,17941811
761,0,19244834,19244834
762,0,19803441,19803441
763,0,20890378,20890378
764,0,17435883,17435883
765,0,17713929,17713929
766,0,19583997,19583997
767,0,25237494,25237494
768,0,18041032,18041032
769,0,18971264,18971264
770,0,19078138,19078138
771,0,18697293,18697293
772,0,19883704,19883704
773,0,18962410,18962410
774,0,19066424,19066424
775,0,19663071,19663071
776,0,20622986,20622986
777,0,19217226,19217226
778,0,17741789,17741789
779,0,18208776,18208776
780,0,17560012,17560012
781,0,20094414,20094414
782,0,18248427,18248427
783,0,18472316,18472316
784,0,19559887,19559887
785,0,18137432,18137432
786,0,18190004,18190004
787,0,18934924,18934924
788,0,22938135,22938135
789,0,21804273,21804273
790,0,18880903,18880903
791,0,18633087,18633087
792,0,20161984,20161984
793,0,17847352,17847352
794,0,20116042,20116042
795,0,18370294,18370294
796,0,18485702,18485702
797,0,18811065,18811065
798,0,20257686,20257686
799,0,19602564,19602564
800,0,17808902,17808902
801,0,18847001,18847001
802,0,17704667,17704667
803,0,18692496,18692496
804,0,20903088,20903088
805,0,18073068,18073068
806,0,19866627,19866627
807,0,16636851,16636851
808,0,19081635,19081635
809,0,17813396,17813396
810,0,19561218,19561218
811,0,20175180,20175180
812,0,17674638,17674638
813,0,18653026,18653026
814,0,19802642,19802642
815,0,21448250,21448250
816,0,18666096,18666096
817,0,18944919,18944919
818,0,18009738,18009738
819,0,18230335,18230335
820,0,19696419,19696419
821,0,21904751,21904751
822,0,18592727,18592727
823,0,17599505,17599505
824,0,19886993,19886993
825,0,17529708,17529708
826,0,17853394,17853394
827,0,17498092,17498092
828,0,18258931,18258931
829,0,18151381,18151381
830,0,17700664,17700664
831,0,18582134,18582134
832,0,18473528,18473528
833,0,17760604,17760604
834,0,22947871,22947871
835,0,19945836,19945836
836,0,21774910,21774910
837,0,19969151,19969151
838,0,17948755,17948755
839,0,18786085,18786085
840,0,22711144,22711144
841,0,17886852,17886852
842,0,19666492,19666492
843,0,23021201,23021201
844,0,22390246,22390246
845,0,20709621,20709621
846,0,21493298,21493298
847,0,20137488,20137488
848,0,19250869,19250869
849,0,19808760,19808760
850,0,20368034,20368034
851,0,18301493,18301493
852,0,19298605,19298605
853,0,20149002,20149002
854,0,19457378,19457378
855,0,19292769,19292769
856,0,17561188,17561188
857,0,17628499,17628499
858,0,18006987,18006987
859,0,20903486,20903486
860,0,20952432,20952432
861,0,18820577,18820577
862,0,19456552,19456552
863,0,21626810,21626810
864,0,18696622,18696622
865,0,21542436,21542436
866,0,19155168,19155168
867,0,18186689,18186689
868,0,18348671,18348671
869,0,19980096,19980096
870,0,19077780,19077780
871,0,18283961,18283961
872,0,18584855,18584855
873,0,19718499,19718499
874,0,19545047,19545047
875,0,18262014,18262014
876,0,19199245,19199245
877,0,20115963,20115963
878,0,18489956,18489956
879,0,18164869,18164869
880,0,20906510,20906510
881,0,19029193,19029193
882,0,18043194,18043194
883,0,19699604,19699604
884,0,20159381,20159381
885,0,18776755,18776755
886,0,20834800,20834800
887,0,18860422,18860422
888,0,21864682,21864682
889,0,18123016,18123016
890,0,20606603,20606603
891,0,23131211,23131211
892,0,19172174,19172174
893,0,22353690,22353690
894,0,17896208,17896208
895,0,17832190,17832190
896,0,19588733,19588733
897,0,19294471,19294471
898,0,18494606,18494606
899,0,22462051,22462051
900,0,19172431,19172431
901,0,20967935,20967935
902,0,19492134,19492134
903,0,19328908,19328908
904,0,20362002,20362002
905,0,18845849,18845849
906,0,19318646,19318646
907,0,17750960,17750960
908,0,20083914,20083914
909,0,19846656,19846656
910,0,19471130,19471130
911,0,18710175,18710175
912,0,19385472,19385472
913,0,19390563,19390563
914,0,17831865,17831865
915,0,19510559,19510559
916,0,17714921,17714921
917,0,19151127,19151127
918,0,18285543,18285543
919,0,20025084,20025084
920,0,19192523,19192523
921,0,18836209,18836209
922,0,17924313,17924313
923,0,18419767,18419767
924,0,20045374,20045374
925,0,18445280,18445280
926,0,18816404,18816404
927,0,22170287,22170287
928,0,17837855,17837855
929,0,17344573,17344573
930,0,17834229,17834229
931,0,18214878,18214878
932,0,17486897,17486897
933,0,19989119,19989119
934,0,18118689,18118689
935,0,17669270,17669270
936,0,21601067,21601067
937,0,18438764,18438764
938,0,24684119,24684119
939,0,17750646,17750646
940,0,18171552,18171552
941,0,18222508,18222508
942,0,20902935,20902935
943,0,18152117,18152117
944,0,20823978,20823978
945,0,19240348,19240348
946,0,19675684,19675684
947,0,20187761,20187761
948,0,19064395,19064395
949,0,19741357,19741357
950,0,18712257,18712257
951,0,18640443,18640443
952,0,19632290,19632290
953,0,21146796,21146796
954,0,17145439,17145439
955,0,21343941,21343941
956,0,18567496,18567496
957,0,22353775,22353775
958,0,18013146,18013146
959,0,17505791,17505791
960,0,18833341,18833341
961,0,19498381,19498381
962,0,20194760,20194760
963,0,17951804,17951804
964,0,19557695,19557695
965,0,18155807,18155807
966,0,18806698,18806698
967,0,19637632,19637632
968,0,18020711,18020711
969,0,20316688,20316688
970,0,19046773,19046773
971,0,19642240,19642240
972,0,19818569,19818569
973,0,19625534,19625534
974,0,20395170,20395170
975,0,18937096,18937096
976,0,20801857,20801857
977,0,19398615,19398615
978,0,18444557,18444557
979,0,19940341,19940341
980,0,18275688,18275688
981,0,19619701,19619701
982,0,17534432,17534432
983,0,17794346,17794346
984,0,17089409,17089409
985,0,17693787,17693787
986,0,17609428,17609428
987,0,18708955,18708955
988,0,17399634,17399634
989,0,19161336,19161336
990,0,18988304,18988304
991,0,18536048,18536048
992,0,20323784,20323784
993,0,19727962,19727962
994,0,19306197,19306197
995,0,18445957,18445957
996,0,18387683,18387683
997,0,19074146,19074146
998,0,19077147,19077147
999,0,19123208,19123208
